MOP	language	text	length	rating_list	mean_rating
MOP4	de	Mit der Niederlage endete das oströmische Exarchat von Karthago .	9	3, 4, 4, 4, 4, 4, 4, 3, 4, 4, 4, 4, 4, 4, 4, 4	3.875
MOP4	de	"Iho" steht oft nach Verben , die Körperfunktionen ausdrücken und für unser Verständnis nicht reflexiv sind , wie essen ("ʻai") , trinken ("inu") und denken ("manaʻo") .	19	2, 4, 4, 4, 4, 4, 3, 4, 4, 4, 4, 4, 4, 4	3.78571428571
MOP4	de	Zwischenzeitlich zeigt sich eine Trendwende bei den Geburten .	8	2, 4, 4, 4, 4, 4, 4, 4, 4, 4, 4, 4, 4, 4, 4, 3, 4	3.82352941176
MOP4	de	Diese Flöze treten hier mit nach Norden gerichtetem Einfallen an das Tageslicht , sie sind dort von glaukonitischen Sandsteinen der Oberkreidezeit ("Essener Grünsandstein") überdeckt .	21	3, 2, 3, 3, 4, 4, 4, 4, 4, 4, 4, 4, 4, 4	3.64285714286
MOP4	de	Auf sie folgte ihr Sohn Wolfgang von Freundsberg; dieser verstarb kinderlos im Jahre 1449 .	14	3, 4, 4, 4, 4, 4, 4, 4, 4, 4, 4, 4, 4, 4, 4	3.93333333333
MOP4	de	2013 unterschrieb er beim italienischen Serie A-Aufsteiger Hellas Verona einen Vierjahresvertrag und wurde dort am 28. Juni 2013 als Neuzugang präsentiert .	21	3, 4, 4, 4, 2, 4, 3, 4, 4, 4, 4, 4, 4, 3, 3	3.6
MOP4	de	Gegen 11:40 Uhr brachen aus der 400 Meter hohen senkrechten Felswand an der Südwand des Flimsersteins kleinere Felspartien los .	19	2, 1, 4, 4, 4, 4, 4, 4, 4, 4, 4, 4, 4, 4, 4	3.66666666667
MOP4	de	Beim Abschlagen mit einem Durchschläger verkantet der Konus und beschädigt den Sitz der Gabel .	14	3, 1, 4, 4, 3, 4, 4, 2, 4, 3, 4, 4, 4, 4	3.42857142857
MOP4	de	Hierbei sei „eine deutliche Steigerung der Intensität bis hin zu schwersten Straftaten feststellbar. “	12	3, 4, 4, 4, 4, 4, 3, 4, 4, 3, 4, 4, 4, 4, 4	3.8
MOP4	de	Im Deutsch-Französischen Krieg 1870/71 diente er als Reserveoffizier .	8	4, 4, 4, 4, 4, 4, 4, 4, 4, 4, 4, 4, 4, 4, 3	3.93333333333
MOP4	de	Von 1884 bis 1888 war er Präsident der "Partidul Național Român din Transilvania și Banat" (PNR , Rumänische Nationalpartei) .	15	2, 4, 4, 4, 4, 4, 4, 4, 4, 4, 4, 4, 4, 4	3.85714285714
MOP4	de	Einzelne Erzieherinnen oder Lehrer bestreiten die gesamte Betreuung oder Ausbildung der Kinder einer Gruppe oder Klasse , die noch fächerunabhängig , aber bereits fächerorientiert stattfindet .	23	2, 4, 4, 4, 3, 4, 4, 3, 4, 4, 4, 4, 4, 4, 4	3.73333333333
MOP4	de	Heute dient die ehemalige Klosterkirche der katholischen Gemeinde Sainte-Colette-des-Trois-Vallées .	9	3, 4, 3, 3, 4, 3, 4, 4, 4, 4, 4, 4, 3, 3	3.57142857143
MOP4	de	Melchiors Mutter beantwortet einen Brief von Moritz , der um Geld zur Flucht nach Amerika bittet .	15	3, 4, 4, 4, 3, 4, 4, 4, 4, 4, 4, 4, 4, 4	3.85714285714
MOP4	de	Er traf die wichtigsten Entscheidungen , um größere Explosionen zu vermeiden und informierte die Regierung über die Situation in der Zone .	19	3, 4, 4, 3, 4, 4, 3, 4, 4, 4, 4, 4, 4, 4	3.78571428571
MOP4	de	Während dieser Zeit veröffentlichte sie unter anderem Sonderdrucke für den Schweizerischen Nationalfonds und für die Schweizerische Hilfsaktion für Kriegsnotleidende Studenten .	20	3, 4, 4, 4, 4, 4, 3, 4, 4, 4, 3, 4, 4, 4, 4	3.8
MOP4	de	Am 20. Dezember 1994 wurde die Cl Maschinenbau GmbH gegründet .	10	3, 4, 4, 4, 4, 4, 4, 4, 4, 4, 4, 4, 4, 4, 4, 4	3.9375
MOP4	de	Die Einwohnerzahl der Ortschaft hat sich in den vergangenen beiden Jahrzehnten nur unwesentlich verändert :	14	3, 4, 4, 4, 4, 4, 4, 4, 4, 4, 4, 4, 4, 4, 4	3.93333333333
MOP4	de	Dann ging er zum Gegenangriff über und konnte den Gegner zurückwerfen .	10	2, 4, 4, 4, 4, 4, 4, 4, 4, 4, 4, 4, 4, 4	3.85714285714
MOP4	de	Die Mandel-Weide ist ein großer Strauch bis kleiner Baum , der eine Wuchshöhe von 10 Meter erreichen kann .	17	4, 2, 4, 4, 4, 4, 4, 3, 4, 4, 4, 4, 4, 4, 4, 4	3.8125
MOP4	de	Im Verlauf der Kampfhandlungen kamen noch 27 polnische Maschinen dieser Bauart als 54.141–167 zur DR .	15	3, 3, 3, 4, 4, 3, 3, 4, 2, 3, 4, 4, 4, 4, 3	3.4
MOP4	de	Anfang 1980 ergänzte ein 2000 GLX Kombi das Angebot .	9	4, 4, 4, 4, 4, 4, 4, 4, 3, 4, 4, 4, 4, 4, 4	3.93333333333
MOP4	de	Das brennende Bett ist eine US-amerikanisches Fernseh-Drama aus dem Jahr 1984 .	11	3, 4, 3, 4, 3, 3, 3, 4, 3, 3, 3, 3, 3, 3, 3	3.2
MOP4	de	Da seine Bilder einen zum Teil abstrakten Charakter haben , wurden sie in dieser Zeit oftmals als formalistisch angegriffen .	18	2, 4, 4, 4, 4, 4, 4, 4, 4, 4, 4, 4, 4, 4, 4	3.86666666667
MOP4	de	Zunächst wurde das Institut kommissarisch von Hermann Schubnell (1910–1996) geleitet , erster ordentlicher Direktor des BiB war der Anthropologe Hans Wilhelm Jürgens .	20	2, 4, 4, 4, 4, 4, 3, 4, 4, 4, 3, 4, 4, 4, 4	3.73333333333
MOP4	de	Sultan Mastura ist eine philippinische Stadtgemeinde in der Provinz Maguindanao .	10	2, 3, 4, 4, 4, 4, 4, 4, 4, 4, 4, 4, 3, 4, 4	3.73333333333
MOP4	de	Da Sebastian Schertlin am Kriegshandwerk Gefallen fand , war er fortan an nahezu allen Heerzügen in Mittel- und Südeuropa in jener Zeit beteiligt .	22	3, 4, 4, 4, 4, 4, 4, 4, 4, 4, 4, 4, 4, 4, 3	3.86666666667
MOP4	de	Während der 80er nahm sein Alkohol- und Drogenkonsum überhand und hielt ihn die meiste Zeit vom kreativen Arbeiten ab .	18	3, 4, 4, 4, 4, 4, 4, 4, 4, 4, 4, 4, 4, 4	3.92857142857
MOP4	de	Als ehemaliges Staatsoberhaupt hat er lebenslang Anspruch auf die vollen Amtsbezüge aus der Amtszeit („Ehrensold“) , sowie auf ein eigenes Büro und Dienstwagen .	21	2, 4, 4, 4, 4, 4, 4, 4, 4, 4, 4, 4, 4, 4, 4	3.86666666667
MOP4	de	Banknotenpapier wird , von wenigen Ausnahmen abgesehen , auf so genannten Gleichstrom-Rundsieb-Maschinen hergestellt .	11	3, 4, 4, 4, 4, 4, 4, 4, 4, 4, 4, 4, 4, 4	3.92857142857
MOP4	de	Eine Bestandsaufnahme kann vor allem die Grundlage für eines oder mehrere der folgenden Ziele sein :	15	3, 4, 4, 3, 4, 4, 4, 4, 4, 4, 4, 4, 4, 4, 4	3.86666666667
MOP4	de	Dienstgradherabsetzungen werden in ihrer Schwere lediglich von der "Entfernung aus dem Dienstverhältnis" übertroffen .	11	4, 4, 4, 4, 4, 4, 3, 4, 4, 4, 4, 4, 4, 4, 4, 4	3.9375
MOP4	de	Nuda-Arten ernähren sich von freischwimmenden Tieren mit weichem Körper , in erster Linie von anderen Rippenquallen , die durchaus größer als sie selbst sein können .	23	2, 4, 4, 4, 4, 4, 4, 4, 4, 4, 4, 4, 4, 4, 4	3.86666666667
MOP4	de	Gesichert ist , dass die Ortschaft Kappel an einer Altstraße lag .	10	4, 2, 4, 4, 4, 2, 4, 4, 4, 3, 4, 4, 4, 4, 4, 3	3.625
MOP4	de	zog sich später auf die Dillsburg in der Nähe von Bockenem zurück .	12	3, 4, 4, 2, 4, 4, 4, 4, 4, 4, 4, 4, 2, 3	3.57142857143
MOP4	de	Bei Torgleichheit nach 90 Spielminuten wird mit einer Verlängerung und einem möglichen anschließenden Elfmeterschießen sofort eine Entscheidung herbeigeführt .	18	3, 4, 4, 4, 4, 4, 4, 4, 4, 4, 4, 4, 4, 4, 4, 4	3.9375
MOP4	de	NGC 1748 wurde 1836 von John Herschel entdeckt und ist im New General Catalogue verzeichnet .	15	4, 4, 3, 4, 4, 4, 4, 4, 4, 4, 4, 4, 3, 4	3.85714285714
MOP4	de	Vom österreichischen Geheimdienst wurde er als Diplomat in Stockholm und Bern eingesetzt .	11	4, 4, 4, 4, 4, 4, 4, 4, 4, 4, 4, 4, 4, 4	4.0
MOP4	de	Die Wohnbauten waren Holzhäuser , ferner gab es Türme , Grabgewölbe und heidnische Kultplätze .	12	3, 4, 4, 4, 4, 4, 4, 4, 4, 4, 4, 4, 4, 4	3.92857142857
MOP4	de	Jedoch hatte sich anfänglich nur einer der führenden Männer der "Sons of Liberty" die Forderung zu eigen gemacht .	17	3, 4, 4, 4, 4, 4, 3, 4, 3, 4, 4, 4, 4, 3	3.71428571429
MOP4	de	Auch die Geschichte dieses Verkehrsweges begann mit einem Kanalprojekt .	9	3, 4, 4, 4, 4, 4, 4, 4, 4, 4, 4, 4, 4, 4, 4	3.93333333333
MOP4	de	Das gilt auch für einige Bögen der Fenster .	8	3, 4, 4, 4, 4, 4, 4, 3, 4, 4, 4, 4, 4, 4, 4, 4	3.875
MOP4	de	Die Strecke wurde 1971 zur Autobahn A 221 aufgestuft , die 1974 ihre heutige Nummer erhielt .	15	2, 4, 4, 4, 3, 4, 4, 3, 4, 4, 4, 3, 4, 4, 4	3.66666666667
MOP4	de	Einige der sogenannten "Gila Apache" gehörten jedoch der Bedonkohe Band sowie der "Copper Mines"-Lokalgruppe der Chihenne Band der Chiricahua Apache an .	19	3, 4, 2, 3, 2, 3, 3, 1, 1, 3, 2, 3, 4, 4, 4	2.8
MOP4	de	Nach den Wirren des Dreißigjährigen Krieges wurde die Kirche 1666 wieder aufgebaute .	12	2, 3, 3, 3, 3, 3, 3, 3, 3, 4, 4, 3, 3, 3	3.07142857143
MOP4	de	Carolyn Christov-Bakargiev ist mit dem italienischen Performancekünstler Cesare Pietroiusti (* 1955) verheiratet und hat zwei Töchter .	15	3, 4, 4, 4, 4, 4, 4, 3, 4, 4, 4, 4, 4, 4	3.85714285714
MOP4	de	Ab dem zweiten Larvenstadium sind die weiblichen Deckelschildläuse sesshaft und besitzen auch keine Beine mehr .	15	3, 4, 4, 4, 4, 4, 4, 4, 4, 4, 4, 4, 4, 4, 4	3.93333333333
MOP4	de	Die zerfetzten Schuhe und der verdreckte Hemdkragen sprechen dagegen .	9	4, 4, 4, 4, 4, 4, 4, 4, 4, 4, 4, 4, 4, 4	4.0
MOP4	de	In Lahti beendete der Finne am 6. März 2004 seine erfolgreiche Karriere mit einem dritten Rang .	16	3, 4, 4, 4, 4, 4, 4, 4, 4, 4, 4, 4, 4, 4, 4	3.93333333333
MOP4	de	Im DFB-Pokal erzielte er für seine Mannschaften in acht Spielen fünf Tore .	12	4, 4, 4, 4, 4, 4, 4, 4, 4, 4, 4, 4, 4, 4, 4	4.0
MOP4	de	Die beiden Partien der Serie im Modus Best-of-Two fanden am 24. und 30. August 2008 statt .	16	2, 4, 2, 4, 4, 2, 3, 4, 3, 4, 4, 4, 4, 4, 4	3.46666666667
MOP4	de	Die Zeitschrift "TV direkt" 10/2007 schrieb , der Film spiele „"geschickt"“ mit den „"Urängsten"“ der Menschen .	12	3, 4, 4, 2, 4, 4, 4, 4, 4, 4, 4, 4, 4, 4, 3, 4	3.75
MOP4	de	Zuvor wurden Ozeanwasser und geschmolzener Schnee als Referenzpunkte genutzt .	9	4, 4, 3, 4, 4, 4, 3, 4, 4, 4, 4, 4, 4, 4, 3, 4, 3	3.76470588235
MOP4	de	Auch aus umliegenden Orten gibt es Mitglieder , sogar aus ganz Deutschland .	11	3, 4, 3, 4, 4, 4, 4, 4, 3, 4, 4, 4, 4, 4, 4	3.8
MOP4	de	Der "primäre" Tuffit entsteht während eines Vulkanausbruchs und tritt insbesondere bei plinianischen Eruptionen in Erscheinung .	14	4, 4, 4, 3, 4, 4, 3, 4, 4, 4, 4, 4, 4, 4, 4	3.86666666667
MOP4	de	Abhilfe sollte die Umstellung auf Omnibusbetrieb oder , in größeren Städten , der Bau bzw. Ausbau von Untergrundbahnstrecken schaffen .	17	3, 3, 4, 3, 4, 4, 4, 4, 4, 4, 4, 4, 4, 4, 4	3.8
MOP4	de	Kommerzialrat Lechner will nach den Erfahrungen mit dem offenbar gesundenden Bürgermeister und dessen mitreißender Parlamentsrede in Sachen Lueger nicht länger auf das Schicksal hoffen .	24	3, 4, 4, 4, 4, 4, 4, 4, 3, 4, 4, 3, 4, 4	3.78571428571
MOP4	de	Sie begrenzt das Rheinufer Süd nach Norden hin .	8	2, 4, 4, 3, 2, 4, 3, 4, 3, 3, 4, 4, 4, 3, 4	3.4
MOP4	de	Die 10 ,5 cm Panzerturmkanone 1939 L52 hatte eine Mündungsgeschwindigkeit von 830 m/sek und eine Schussreichweite bis maximal 22 Kilometer (mit Spitzgranate 24 Kilometer) .	22	2, 4, 4, 4, 4, 4, 3, 4, 4, 4, 4, 4, 4, 4	3.78571428571
MOP4	de	Die genannte Margarete ist vermutlich das Vorbild der legendären Margarete vom Litermont aus der ortlichen Maldix-Sage .	16	3, 4, 3, 3, 4, 4, 3, 3, 4, 4, 4, 4, 3, 4	3.57142857143
MOP4	de	"Black Pete" , eine Analogie zum Gesellschaftsspiel „Schwarzer Peter“) ist Mickys Erzfeind .	9	3, 4, 4, 3, 1, 3, 3, 4, 3, 3, 4, 4, 4, 2, 3	3.2
MOP4	de	Schon als Gymnasiast hatte sich Meinecke für Popkultur begeistert .	9	3, 4, 4, 4, 4, 4, 4, 4, 4, 4, 4, 4, 4, 4, 4	3.93333333333
MOP4	de	Cobham ist eine Stadt im Verwaltungsbezirk Elmbridge in der Grafschaft Surrey  .	11	3, 4, 4, 3, 4, 4, 4, 4, 4, 4, 4, 4, 4, 4, 4, 3	3.8125
MOP4	de	Das Verbreitungsgebiet erstreckt sich dabei von Cooktown in Queensland bis in den Norden zum Daintree River .	16	3, 4, 4, 4, 4, 4, 4, 4, 4, 4, 4, 4, 4, 4, 4	3.93333333333
MOP4	de	Sein Œuvre umfasst eine Oper "Kleider machen Leute" , zehn Symphonien , sieben Konzerte , Kammermusik und Lieder .	13	3, 2, 4, 4, 4, 3, 4, 4, 4, 3, 4, 4, 4, 4, 4, 4	3.6875
MOP4	de	dem Bärtigen 1045 von einem kaiserlichen Heer zerstört wurde .	9	4, 4, 1, 2, 3, 1, 3, 1, 2, 2, 2, 3, 2, 1, 1	2.13333333333
MOP4	de	Insbesondere sollte die oben ausgeführte Verfolgung der Abstiegsphase des Landers mittels Telemetrie ein wichtiges neues Element sein .	17	3, 4, 4, 4, 3, 4, 3, 4, 4, 3, 4, 3, 4, 4, 4, 4	3.6875
MOP4	de	In Bobigny wurde im April 1988 eine neue Betriebswerkstatt in Betrieb genommen , die auch für die Straßenbahnlinie 1 zuständig ist .	20	3, 4, 4, 4, 3, 4, 4, 4, 4, 4, 2, 4, 4, 4	3.71428571429
MOP4	de	Nach der Entscheidung des Präsidenten Ali Saibou , ein Mehrparteiensystem einzuführen , gründete Ousmane im Januar 1991 die sozialdemokratische Partei Demokratische und soziale Versammlung (CDS-Rahama) .	22	2, 4, 4, 3, 3, 3, 3, 4, 4, 4, 4, 4, 3, 4	3.5
MOP4	de	Ziel dieser Maßnahme ist eine Verbesserung der Fahrgastinformation am Bahnhof Murnau .	11	4, 4, 4, 4, 4, 4, 4, 4, 4, 4, 4, 4, 4, 4	4.0
MOP4	de	Viele Onsen haben auch andere Spa-Einrichtungen , künstliche Wasserfälle , Massageangebote und Saunen .	11	3, 1, 4, 4, 1, 3, 3, 4, 3, 3, 4, 1, 3, 3, 4	2.93333333333
MOP4	de	S. , im modernen Logikkalkül; Auf jeden Fall logisch differenzierter) nur durch eine Miteinbeziehung der Objekte der Komplementklassen der vorkommenden Begriffe geeignet interpretiert werden kann .	24	2, 3, 3, 3, 1, 3, 3, 2, 2, 1, 3, 1, 1, 2, 1	2.06666666667
MOP4	de	Überregional bekannt wurde der Ort durch die katholische Ordensgemeinschaft der Dernbacher Schwestern .	11	3, 4, 4, 4, 4, 4, 4, 4, 4, 4, 4, 4, 4, 4	3.92857142857
MOP4	de	Auch kritisierte er den Einsatz von Autotune im Stück "Million Dollar Houses" und beschrieb diesen als hässlichen Kopf der Musik des Albums .	21	3, 4, 4, 3, 3, 4, 4, 3, 4, 4, 3, 3, 4, 4	3.57142857143
MOP4	de	Arbeiten an der eigentlichen Querspange: Vom 10. September 2012 an wurde eine Umfahrung für die Baustelle der Brücke Schattbachstraße eingerichtet .	20	3, 4, 4, 4, 3, 4, 3, 4, 4, 4, 3, 2, 4, 4, 4	3.6
MOP4	de	Der Erfolg lag in der tiefgreifenden Umstrukturierung der französischen Gesellschaft in den 50 Jahren begründet , die auf die Französische Revolution folgten .	21	3, 4, 4, 4, 2, 4, 4, 4, 3, 4, 4, 4, 4, 4, 4	3.73333333333
MOP4	de	İlkay Akkaya (* 26. Mai 1964 in Istanbul) ist eine alevitische Sängerin und Mitglied der türkischen Musikgruppe Grup Kızılırmak .	17	3, 4, 4, 4, 4, 4, 3, 4, 4, 4, 4, 4, 4, 4, 4	3.86666666667
MOP4	de	Zu Beginn des Jahres 1906 hatte Shackleton mit ersten Planungen einer eigenen Antarktisexpedition begonnen .	14	4, 4, 4, 3, 4, 4, 4, 4, 4, 4, 4, 4, 4, 4	3.92857142857
MOP4	de	Im Südosten befindet sich die ehemalige Schachtanlage Burggraf- Bernsdorf bei Kahlwinkel .	11	3, 4, 4, 3, 4, 4, 4, 4, 4, 4, 4, 4, 4, 4	3.85714285714
MOP4	de	In der Anhörung sprach Brady auch selbst zu seiner Situation .	10	2, 4, 4, 4, 3, 4, 4, 4, 4, 4, 4, 4, 4, 4, 4	3.8
MOP4	de	Sämtliche Hügelgräber befinden sich in den Grenzen des ehemaligen Großherzogtums Baden .	11	3, 4, 4, 4, 4, 4, 4, 3, 4, 4, 4, 4, 4, 4, 4	3.86666666667
MOP4	de	Je nach Kartendarstellung ist dieser Name bis zur Einmündung des Rettenbaches , bis zur Einmündung des Betleitenbaches/Osterwitzbaches im Gebiet von Freiland oder bis Deutschlandsberg verwendet .	24	2, 3, 4, 1, 2, 3, 4, 3, 3, 4, 4, 4, 4, 3	3.14285714286
MOP4	de	Adolf Dyroff (* 2. Februar 1866 in Damm; † 3. Juli 1943 in München) war ein deutscher Philosoph .	16	2, 4, 4, 4, 4, 4, 4, 4, 4, 4, 4, 4, 3, 4, 4, 4	3.8125
MOP4	de	Nach Auffassung des IDW steht der Bildung eines Sammelpostens auch für den handelsrechtlichen Jahresabschluss grundsätzlich nichts entgegen .	17	4, 4, 3, 4, 4, 4, 4, 4, 4, 4, 4, 4, 4, 4	3.92857142857
MOP4	de	Hier wurden Waren von den Niederlanden (Tuch) bis Italien (Seide , orientalische Waren) gehandelt .	11	4, 4, 4, 4, 3, 4, 4, 4, 4, 3, 4, 4, 4, 4, 4	3.86666666667
MOP4	de	Der größte Teil der Transpiration geschieht beim Öffnen der Stomata .	9	3, 4, 4, 3, 4, 4, 4, 4, 4, 4, 3, 4, 4, 3, 4	3.73333333333
MOP4	de	Die EWG Eberswalder Wurst GmbH und die EFG Eberswalder Fleisch GmbH sind Hersteller von Fleisch- und Wurstwaren in Britz (bei Eberswalde) .	20	3, 4, 4, 4, 4, 4, 4, 4, 4, 4, 4, 4, 4, 4, 4	3.93333333333
MOP4	de	Der Weihbischof Wolfgang Bischof der Seelsorgsregion Süd des Erzbistums München und Freising stammt auch aus Freising .	16	3, 4, 4, 3, 3, 3, 4, 3, 4, 4, 4, 4, 4, 3, 4	3.6
MOP4	de	Zurück in Griechenland , gründete sie das "Laboratory for Traditional Instruments" am ORA Cultural Centre .	13	3, 4, 4, 4, 3, 4, 3, 4, 4, 4, 4, 4, 4, 4, 4	3.8
MOP4	de	Eine Smartwatch mit Android Wear benötigt zur Konfiguration und Benutzung ein per Bluetooth gekoppeltes Android-Gerät ab Version 4.3 .	18	3, 4, 4, 4, 4, 4, 4, 4, 4, 4, 4, 4, 4, 4, 4	3.93333333333
MOP4	de	Grün begann seine Profikarriere 1983 beim RSC Anderlecht , für die er bis 1990 in der Jupiler League spielte .	18	3, 4, 3, 4, 3, 4, 4, 3, 4, 4, 4, 3, 4, 4	3.64285714286
MOP4	de	Die vorgeschriebenen Lesungen waren -  , „Wettlauf um den Sieg“ , und  , das Gleichnis von den Arbeitern im Weinberg .	15	2, 4, 4, 4, 3, 3, 4, 4, 4, 4, 4, 3, 4	3.61538461538
MOP4	de	Diese Messen fanden ursprünglich vor allem auf dem Altstadtmarkt und dem Kohlmarkt statt .	13	3, 4, 4, 4, 4, 4, 4, 4, 4, 4, 4, 4, 4, 4, 4, 4	3.9375
MOP4	de	Am 30. August 1398 gelobten die Brüder Rudprecht und Andre von Leubenegg dem Erzbischof Gregor von Salzburg die Gefolgschaft .	19	4, 4, 4, 4, 4, 3, 4, 4, 4, 4, 4, 4, 4, 4, 2	3.8
MOP4	de	Danach war er Assistent von Jahn und habilitierte sich 1903 (Präzisionskryoskopie von Nichtelektrolyten) .	12	2, 4, 4, 3, 4, 4, 3, 4, 4, 3, 4, 4, 3, 3	3.5
MOP4	de	Nach einigem Hin und Her kam sie 2013 , kurz nach einer Beziehung mit Till Kuhn (Bommel) , doch noch mit Vince Köpke zusammen .	21	3, 4, 3, 4, 4, 4, 4, 4, 4, 4, 4, 4, 4, 3, 4	3.8
MOP4	de	Die Festivalveranstalter entwickeln regelmäßig spezielle Fusion- oder Orchester-Projekte , die exklusiv bei den jazzopen zu erleben sind :	16	2, 2, 4, 4, 4, 4, 3, 3, 3, 4, 4, 4, 3, 3, 4	3.4
MOP4	de	Nach ihrer Rückkehr wurden sie vom Verband mit mehrmonatigen Spielsperren bestraft .	11	4, 4, 4, 4, 4, 4, 4, 4, 4, 4, 4, 4, 4, 4	4.0
MOP4	de	Matthijs war der mittlere von drei Brüdern , die anderen Geschwister waren Jacob Maris und Willem Maris .	16	3, 4, 4, 3, 4, 4, 4, 3, 4, 4, 4, 4, 4, 4, 4	3.8
MOP4	de	Es liegt an der A11 , einer Hauptstraße zwischen Norwich und London , südlich des Waldgebietes Thetford Forest .	16	2, 4, 4, 4, 4, 4, 4, 4, 4, 4, 4, 4, 4, 4, 4	3.86666666667
MOP4	zh	Diese Route ist die gesamte Shop -und Radwege und Straßen für den Verkehr gesperrt Betrieb , teilweise entlang der Weinberge .	18	2, 1, 2, 3, 1, 3, 3, 2, 2, 2, 2, 2, 1, 2	2.0
MOP4	zh	1995 Kramer ersten WTA Hauptfeld WTA-Turnier in Los Angeles .	9	2, 1, 2, 2, 1, 2, 2, 2, 1, 1, 1, 2, 1, 1, 2	1.53333333333
MOP4	zh	Verb Körperfunktionen zum Ausdruck bringen und unser Verständnis ist nicht reflexiv, wie Essen ("" AI " ) , ist der" irakischen Schatz " häufig , trinken ( " Hund " ) und Denken ( " Mana'o ") .	24	3, 1, 1, 1, 1, 2, 2, 2, 1, 1, 1, 2, 1, 1, 2	1.46666666667
MOP4	zh	Da ist er jedoch nur 10 Jahre Bündnisoperationen .	8	1, 2, 3, 1, 2, 1, 2, 2, 3, 2, 2, 1, 2, 2, 2	1.86666666667
MOP4	zh	Amerika von Schäden an ihren Raumobjekten aus dem Vertrag zu haften platziert verursacht .	13	3, 1, 1, 2, 1, 2, 2, 1, 1, 1, 1, 1, 1, 1, 2	1.4
MOP4	zh	Diese Nähte erscheinen hier mit Regisseur Norden Dip während des Tages, waren sie da späten KreidesandsteinenGlaukonit ( " Essen grünen Sandstein " ) Berichterstattung .	20	1, 4, 3, 2, 2, 1, 3, 1, 2, 1, 1, 2, 1, 1, 3, 2, 1	1.82352941176
MOP4	zh	2014 Veranstaltung ist jetzt über 2.200 Stelen Risse durchzogen ist .	9	2, 1, 1, 1, 1, 1, 1, 2, 1, 1, 2, 1, 1, 1	1.21428571429
MOP4	zh	Von ihrem Sohn Wolfgang Freundsberg gefolgt , starb kinderlos im Jahre 1449 diese	12	2, 1, 2, 2, 2, 3, 1, 1, 2, 1, 2, 2, 3, 2, 2	1.86666666667
MOP4	zh	Wer hat zuvor aus anderen kulturellen und Bewusstsein abgelehnt worden , so dass alle Derivate sind arbeitslos oder arbeiten Niedrigen Gegner .	20	2, 1, 1, 1, 2, 1, 1, 1, 1, 1, 3, 1, 2, 2	1.42857142857
MOP4	zh	Dies ist eine " signifikante Zunahme der Intensität einer schweren Straftat , die gefunden werden. "	13	3, 4, 2, 2, 2, 3, 1, 2, 3, 2, 1, 4, 2, 2	2.35714285714
MOP4	zh	Erschossen zu gehen, aber so schlecht, und schließlich ein Master-Image der Mehrheit der nicht- Stimme wurde .	16	3, 1, 1, 1, 1, 1, 1, 4, 2, 1, 1, 2, 1, 2, 1	1.53333333333
MOP4	zh	DC-9 abgestürzt Ausbruch des Konflikts ist noch in der Luft .	10	3, 1, 3, 3, 1, 2, 3, 3, 3, 1, 2, 2, 1	2.15384615385
MOP4	zh	Im Krieg 1870-1871 in Deutschland und Frankreich , diente er als Reserveoffiziere .	11	2, 3, 3, 3, 4, 4, 4, 4, 3, 4, 3, 3, 3, 3, 3	3.26666666667
MOP4	zh	Von 1884 bis 1888 die "Nationale Partidul Rom din Transilvania Recht Banat " (PNR , die rumänische Nationalpartei ) Präsident gewann er .	17	3, 1, 1, 1, 1, 1, 2, 2, 1, 1, 2, 1, 1, 1	1.35714285714
MOP4	zh	Nest gebaut üppiger Vegetation und in der Nähe des Wasser meisten Arten im Stroh verankert .	14	3, 1, 2, 1, 2, 2, 2, 2, 1, 1, 2, 1, 1, 2	1.64285714286
MOP4	zh	Melchiors Mutter beantwortet den Brief Moritz , floh Geld in die Vereinigten Staaten .	12	3, 1, 2, 1, 2, 2, 2, 1, 1, 1, 2, 1, 2, 2	1.64285714286
MOP4	zh	Nach dem Vorhandensein von Metall Musik-Dateien von des Heiligen Geistes offiziellen Facebook ist das weltweit größte Online-Enzyklopädie aus Metall und Gestein Felder .	22	3, 1, 1, 2, 1, 2, 1, 1, 2, 1, 1, 3, 1, 2	1.57142857143
MOP4	zh	In der Zwischenzeit veröffentlichte sie das andere abgedruckt Swiss National Science Foundation und der Schweizer Hilfswerke Kriegsnotleidende Studenten .	18	3, 1, 2, 2, 1, 3, 2, 3, 3, 2, 2, 2, 1, 2, 2	2.06666666667
MOP4	zh	20. Dezember 1994 , Chlor Machinery Manufacturing Co., Ltd gegründet .	9	1, 1, 3, 1, 1, 3, 2, 2, 1, 4, 3, 3, 3, 1	2.07142857143
MOP4	zh	Im Verlauf der Kämpfe immer noch 27 Portland Art 54141-167 Maschine kam Dr .	13	1, 1, 3, 2, 2, 1, 3, 1, 2, 1, 1, 2, 1, 1, 2, 2, 1	1.58823529412
MOP4	zh	Trotz Niedersachsen hob Bereitschaftspolizei im Jahr 1951 , die bis dahin zum Teil von der Bundesregierung finanziert wird, aber im Jahre 1955 ein .	22	3, 1, 1, 1, 1, 1, 1, 1, 1, 2, 1, 1, 3, 1, 3	1.46666666667
MOP4	zh	Ausgangszuweisung wird als passive wirtschaftlichen Ausgleich und die Einkommensverteilung als eine effektive wirtschaftliche Entschädigung .	14	3, 2, 2, 1, 3, 2, 2, 2, 2, 2, 3, 1, 2, 2	2.07142857143
MOP4	zh	Die Betten sind Brennen der amerikanischen TV- Serie in 1984. Do	11	1, 1, 2, 1, 1, 1, 1, 2, 1, 1, 2, 1, 2, 1	1.28571428571
MOP4	zh	Weil einige seiner abstrakten Bilder, sie oft Angriff in den Formalismus der Periode .	13	2, 1, 3, 1, 1, 2, 2, 1, 1, 1, 2, 1, 1, 1	1.42857142857
MOP4	zh	Erstens, Lätzchen Schule ist vorübergehend von Herman Schubnell (1910至1996) führte die erste reguläre Direktor William Anthropologe Hans Jürgen .	17	3, 1, 2, 1, 1, 1, 1, 2, 1, 1, 2, 1, 1, 1, 2	1.4
MOP4	zh	Sultan Mastura ist Mindanao Provinzen und Gemeinden auf den Philippinen, Malaysia Peking .	12	3, 1, 2, 1, 3, 1, 2, 3, 2, 2, 2, 1, 3, 1, 2, 2	1.9375
MOP4	zh	Diese neue Beschaffungspolitik , zuerst eingeführt Multi-Engine- Design " Armstong Whitworth AW154	10	3, 1, 2, 1, 2, 1, 1, 3, 3, 2, 1, 3, 2, 1, 2, 3	1.9375
MOP4	zh	In den 1980er Jahren war seine Alkohol -und Drogenmissbrauch weit verbreitet, und hielt die meisten seiner kreativen Arbeit .	17	2, 1, 2, 4, 2, 3, 2, 2, 1, 3, 3, 2, 2, 1, 2	2.13333333333
MOP4	zh	Als ehemaliger Staatschef , hatte er eine lebenslange Laufzeit ( " Vergütung " ) , sowie eine vollständige Bezahlung Arbeitszimmer , Fahrzeugen des Unternehmens .	17	3, 1, 3, 2, 1, 3, 1, 2, 3, 3, 3, 3, 4, 2, 2	2.4
MOP4	zh	Listen können in erster Linie auf eine oder mehrere der folgenden Ziele basieren:	13	3, 3, 3, 3, 2, 4, 4, 3, 4, 3, 4, 2, 3, 3, 4	3.2
MOP4	zh	Um in Yunnan gebaut worden , wird von einigen Autoren als erste Kettenbrücke betrachtet .	13	2, 1, 2, 1, 1, 3, 3, 2, 2, 1, 2, 1, 3, 2, 2	1.86666666667
MOP4	zh	Auf die erste industrielle Produktion von Hartfett Burlington auch dauerte nur zwei Jahre .	13	2, 1, 2, 2, 1, 3, 2, 4, 2, 2, 2, 1, 1, 2, 2	1.93333333333
MOP4	zh	Ihre Zeichnungen und Radierungen nehmen ihre individuellen künstlerischen Handschrift .	9	2, 2, 2, 3, 2, 3, 3, 3, 2, 2, 2, 3, 2, 3, 4, 3	2.5625
MOP4	zh	Pilzarten auf freischwimmende Tierfutter mit einem weichen Körper , vor allem aus anderen Rippenqualle , die leicht größer ist als sie selbst sein kann .	22	3, 1, 1, 2, 1, 2, 3, 2, 2, 1, 3, 1, 1	1.76923076923
MOP4	zh	Seine Leistung im Stadtrat sollte einen hohen Rhetorik und voller Humor und Geist der Gegner zu haben , ist, dass	19	3, 1, 2, 1, 2, 1, 2, 3, 1, 1, 3, 2, 1, 1, 1	1.66666666667
MOP4	zh	Später zog sich in der Nähe von Bockenem von Dills .	10	3, 3, 2, 3, 1, 2, 2, 2, 2, 1, 1, 1, 2, 1	1.85714285714
MOP4	zh	Sein Interesse an der Wissenschaft seit 1795 ist die erste große Zoologie .	12	3, 1, 3, 2, 3, 2, 3, 2, 4, 2, 3, 1, 4, 3, 2, 2	2.5
MOP4	zh	NGC 1748 wurde 1836 von John Herschel und Spalten in der New General Catalogue entdeckt .	15	3, 1, 3, 1, 2, 2, 2, 2, 3, 1, 2, 4, 2, 3	2.21428571429
MOP4	zh	Österreichischen Spion , er als Diplomat in Stockholm und Bern tätig .	9	3, 2, 2, 3, 1, 3, 3, 3, 2, 1, 2, 1, 3, 2, 2	2.2
MOP4	zh	Ihre Puppentheater und einige landwirtschaftliche zwei nebeneinander bestehen .	8	3, 1, 2, 1, 3, 2, 2, 1, 1, 3, 1, 1, 1, 1	1.64285714286
MOP4	zh	So Ecolight Flugzeuge ist eine nationale Zertifizierung, nicht nur in Europa , nach JAR / EASA .	14	3, 3, 3, 3, 1, 3, 2, 1, 2, 2, 4, 3, 1, 1, 2	2.26666666667
MOP4	zh	Doch in der "Sohn der Freiheit" ist , nur ein Anfang Führer haben den Anspruch als ihre eigenen angehoben .	17	4, 1, 1, 1, 1, 2, 1, 2, 1, 1, 1, 2, 1, 2	1.5
MOP4	zh	Entfernung 1971 erhöhte sich auf Autobahn 221 im Jahr 1974 auf seinem aktuellen Nummer empfangen .	15	3, 1, 1, 1, 1, 1, 1, 1, 2, 1, 1, 2, 1, 2	1.35714285714
MOP4	zh	Daher kann sie schließlich verhindern erhebliche Verluste auf ihrer Seite und auf dem Dnjepr relativ geordneten Rückzug .	17	4, 1, 2, 2, 3, 2, 1, 2, 1, 1, 3, 1, 2, 1	1.85714285714
MOP4	zh	Nach den Wirren des Dreißigjährigen Krieges , der Kirche und wurde 1666 gebaut .	12	3, 1, 2, 1, 1, 3, 3, 1, 3, 2, 1, 2, 3, 1, 1, 2	1.875
MOP4	zh	Schimmelpfennig ist der jüngste von drei Brüdern in einer Familie von Musikern .	12	3, 4, 4, 4, 4, 4, 4, 4, 4, 4, 4, 4, 3, 4	3.85714285714
MOP4	zh	In Lahti, Finnland schloss die 6. März 2004 war er eine erfolgreiche Karriere Drittel .	14	3, 1, 2, 1, 1, 2, 1, 1, 2, 1, 1, 2, 1, 1, 1	1.4
MOP4	zh	In DFB- FA Cup, erzielte er fünf Tore in acht Spielen , und seinem Team .	14	3, 2, 2, 3, 2, 2, 3, 2, 4, 3, 3, 1, 1, 2, 2	2.33333333333
MOP4	zh	Die beste in der Reihe, die zwei Abschnitte der beiden Modi , ereignete sich im August 24. und 30. März 2008 .	20	3, 3, 2, 1, 2, 3, 3, 3, 2, 1, 4, 3, 3, 3, 2	2.53333333333
MOP4	zh	Zuvor wird das Meer und der Schneeschmelze als Bezugspunkt verwendet .	10	2, 4, 3, 1, 2, 3, 3, 2, 3, 2, 3, 2, 3, 4	2.64285714286
MOP4	zh	Kinder und Erwachsene können gleichermaßen ihr Problem zu lösen .	9	2, 2, 3, 2, 2, 3, 4, 3, 3, 2, 3, 2, 2, 3, 3	2.6
MOP4	zh	Von 1909 bis 1918 war sie Vorstandsmitglied der Liberalen Partei des linken Flügels .	13	3, 3, 4, 4, 4, 4, 3, 4, 4, 4, 4, 4, 3, 4, 4, 4	3.75
MOP4	zh	Sanierungsmaßnahmen sollte der Bus-Betrieb in den größeren Städten , den Bau oder die Erweiterung der U-Bahnlinien umgeschaltet werden , oder .	18	3, 1, 2, 1, 2, 3, 2, 2, 1, 2, 2, 1, 1, 2	1.78571428571
MOP4	zh	Früh in die Ursprünge der Pläne, eine Handelshafen in diesem Bereich bauen 19. Jahrhundert .	14	3, 1, 2, 2, 1, 3, 2, 1, 1, 2, 1, 1, 1, 1, 2	1.6
MOP4	zh	Kommerzialrat Lechner nicht mehr wünschen, respektieren und Erfahrung Lueger war Bürgermeister der Rehabilitation, das Schicksal seiner Rhetorik nach heftigen Parlamentsrede .	20	4, 1, 1, 1, 2, 1, 2, 1, 1, 1, 1, 2, 1, 2, 1	1.46666666667
MOP4	zh	14 -Jährigen Arbeitsplatz wird durch eine Ratsche Kirchenglocken in der Karwoche ersetzt .	11	3, 1, 3, 3, 1, 2, 1, 1, 3, 2, 1, 3, 1, 1, 2	1.86666666667
MOP4	zh	Das 10,5 cm Revolver 1939 L52 hat eine 830 m / s Mündungsgeschwindigkeit und Reichweite bis zu 22 km (24 km Spitze Granaten ) .	21	3, 1, 2, 1, 1, 3, 2, 1, 3, 3, 4, 3, 2, 3, 1	2.2
MOP4	zh	James Maurice Gavin in der 23. Tod im Februar 1990 bei der Keswick Nursing Home in Baltimore an der Parkinson- Krankheit .	21	3, 1, 2, 2, 1, 2, 2, 2, 2, 1, 1, 1, 1, 2	1.64285714286
MOP4	zh	Nachbargemeinden Badolato , St. Sostene圣安德烈亚阿persischen Zeitung Ionio und Trotzki .	8	2, 1, 1, 1, 1, 1, 1, 3, 1, 2, 1, 2, 1, 2, 2	1.46666666667
MOP4	zh	Marguerite sagte , wahrscheinlich aus Litermont Legende Margaret von der lokalen Regierung Maldix Legende Prototyp .	14	2, 1, 1, 1, 1, 1, 1, 1, 2, 1, 1, 2, 1, 1, 2	1.26666666667
MOP4	zh	Von 1951 , sein wissenschaftlicher Mitarbeiter , der letzte Redner auf dem Zentralinstitut für Bildung in Berlin , Deutschland .	16	3, 1, 3, 1, 1, 2, 2, 1, 2, 2, 2, 3, 1, 2, 2	1.86666666667
MOP4	zh	Anschließend trat er in die Band China Beach .	8	3, 2, 3, 3, 2, 4, 3, 2, 3, 3, 2, 3, 3, 3, 3, 3	2.8125
MOP4	zh	Helen Frankenthaler starb mit 83 Jahren 27. Dezember 2011 .	9	2, 4, 3, 4, 2, 3, 3, 3, 3, 3, 3, 3, 3, 4, 3	3.06666666667
MOP4	zh	" Der Schwarze Peter " , eine Metapher Wohnzimmer -Spiel "Black Peter" ) ist Mitch Nemesis .	10	3, 1, 2, 1, 3, 2, 2, 2, 2, 1, 1, 3, 2, 1, 1, 1	1.75
MOP4	zh	Von 1965 war er als Rechtsanwalt in Portland .	8	2, 3, 4, 3, 2, 4, 3, 3, 3, 3, 4, 3, 3, 3, 3	3.06666666667
MOP4	zh	Cobham ist eine Stadt in Surrey Elmbridge administrativen Bereichen .	9	3, 1, 2, 1, 1, 3, 1, 3, 3, 3, 3, 3, 2, 2	2.21428571429
MOP4	zh	Auch der Sohn des Sängers , hat sie auf der Außenseite versteckt , keine Augen , dominiert das Gespräch .	16	3, 1, 2, 2, 1, 1, 3, 1, 1, 1, 2, 1, 2, 1	1.57142857143
MOP4	zh	Nicht lange her, da Angelica , Captain von der Saale Tochter , von vorne durch , begann für zu Hause .	17	2, 1, 2, 1, 2, 2, 1, 2, 1, 1, 2, 1, 1, 2	1.5
MOP4	zh	Zu seinen Werken zählen die Oper " Kleider machen Leute ", 10 Sinfonien, sieben Konzerte, Kammermusik und Lieder .	16	3, 4, 4, 4, 4, 3, 4, 4, 3, 4, 3, 4, 4, 4, 4	3.73333333333
MOP4	zh	Insbesondere durch das Aufspüren der Anlegestelle eines Schlüssels mit Hilfe eines neuen Telemetrie- Element sollte .	15	3, 1, 2, 2, 2, 2, 2, 2, 2, 1, 1, 3, 3, 1, 1, 1	1.8125
MOP4	zh	In Bobigny, neue Wartungswerkstattoffiziell in Betrieb im April 1988, verantwortlich für die Straßenbahn auf der 1. Zeile ist gesetzt .	19	2, 1, 1, 1, 1, 1, 2, 1, 2, 1, 1, 2, 1, 1, 1	1.26666666667
MOP4	zh	Nach Präsident Ali Saibou beschlossen, ein Mehrparteiensystem einzuführen , wurde Osman im Januar 1991 gegründet, die Sozialdemokratische Partei und die Sozialdemokratische Rally ( CDS Rahama ) .	23	3, 1, 2, 2, 3, 3, 2, 3, 2, 2, 3, 1, 1, 2	2.14285714286
MOP4	zh	Der Zweck dieser Maßnahme ist es, die Murnau Bahnhof Fahrgastinformation zu verbessern .	12	3, 2, 3, 3, 3, 4, 3, 4, 4, 3, 4, 4, 3, 4, 4	3.4
MOP4	zh	Es gibt noch andere viele heiße Quellen Spa-Einrichtungen, künstlichen Wasserfällen , Massage und Sauna .	13	2, 4, 2, 2, 2, 3, 3, 3, 3, 3, 3, 3, 4, 2, 2, 2	2.6875
MOP4	zh	Ihre Service-Bereich steht im Einklang mit dem Raum Düsseldorf .	9	3, 1, 3, 2, 3, 3, 3, 3, 2, 4, 4, 3, 2, 2	2.71428571429
MOP4	zh	, Modern logischen Kalkül , in jedem Fall , kann der Unterschied zwischen der logischen ) in geeigneter Weise durch Komplementklassen integriert werden erklären Bedingungen einzige Objekt auftreten .	24	3, 1, 2, 1, 2, 1, 2, 1, 1, 2, 1, 1, 1	1.46153846154
MOP4	zh	Er kritisierte auch die Verwendung von Auto-Tune in dem Drama " Million " und beschreibt das Album Musik, ihr hässliches Haupt .	19	3, 2, 3, 1, 3, 2, 3, 2, 2, 3, 2, 1, 3, 2	2.28571428571
MOP4	zh	25. Mai 2005 , wurde das Terminal offiziell gegründet und akzeptiert angeben, von Terminal 1 .	14	2, 1, 2, 1, 1, 2, 3, 3, 3, 1, 2, 2, 2, 2, 1	1.86666666667
MOP4	zh	Friedhof oder auf eigene Faust oder über einen lokalen religiösen Gemeinschaft von der Stadtverwaltung getragen , in manchen Kulturen haben die beiden Institutionen .	21	2, 1, 2, 1, 1, 2, 2, 1, 2, 1, 1, 2, 1, 1, 2	1.46666666667
MOP4	zh	Erfolg ist auf die Französisch Revolution , 50 Jahre später eine tiefgreifende Veränderung in der Französisch Gesellschaft .	16	4, 1, 2, 2, 1, 2, 2, 1, 2, 1, 3, 2, 2, 2	1.92857142857
MOP4	zh	Ilkay Akkaya (Istanbul * 26. Mai 1964) ist ein türkischer Aleviten Musikgruppen GRUP Kizilirmak Sänger und Mitglieder .	15	3, 2, 2, 1, 2, 2, 2, 2, 1, 1, 1, 3, 2, 1, 2	1.8
MOP4	zh	In der mündlichen Verhandlung Brady sprach auch , selbst zu seiner Situation .	11	2, 2, 3, 2, 3, 2, 3, 3, 1, 3, 3, 2, 3, 3	2.5
MOP4	zh	Alle Wagen werden an der Grenze des ehemaligen Großherzogtums Baden .	10	3, 1, 3, 2, 3, 2, 2, 3, 2, 2, 3, 1, 3, 3	2.35714285714
MOP4	zh	In der Saison 2009-10 , kann er wieder Dede Position nach links verschoben und zu einem normalen Player .	17	3, 1, 2, 1, 1, 2, 2, 1, 2, 1, 1, 3, 1, 2, 2	1.66666666667
MOP4	zh	Hier aus den Niederlanden (Tuch) , Italien (Seide, orientalischen Waren ) im Warenverkehr .	9	3, 1, 2, 3, 1, 2, 2, 3, 2, 2, 2, 1, 1, 1, 1	1.8
MOP4	zh	Felix von Harburg nach Heidenheim Kloster recycelt Canon .	8	2, 1, 2, 1, 2, 1, 2, 2, 1, 1, 2, 1, 2, 1	1.5
MOP4	zh	EWG Eberswalder Wurst und Fleisch GmbH EFG Eberswalde , Ltd ist Fleisch und Wurstherstellerin Brits ( Eberswalde ) .	15	2, 2, 2, 3, 3, 3, 3, 2, 3, 2, 4, 2, 3, 3, 2, 2	2.5625
MOP4	zh	Darüber hinaus wurde er mit dem Lenin -Preis, den Humboldt-Forschungspreis und die indische Rupie Markov Preise verliehen .	16	2, 2, 2, 2, 3, 3, 2, 3, 3, 2, 1, 3, 2, 3, 3	2.4
MOP4	zh	In diesem Zyklus zumindest teilweise und vorübergehend Verbot noch nicht stattgefunden .	11	1, 2, 1, 1, 2, 2, 2, 2, 3, 2, 2, 1, 2, 2	1.78571428571
MOP4	zh	Er ist vor allem Instrumentalwerke komponiert , produziert er experimentelle Spielhandlung und Mikrochromatik Ton kontinuierliche Transformation .	15	3, 1, 3, 1, 2, 1, 2, 2, 1, 2, 2, 2, 1, 1, 2	1.73333333333
MOP4	zh	Und 1382 und 1453 aus diesem Grund wird oft Laarne Chef modifiziert .	12	3, 1, 2, 1, 3, 1, 2, 2, 1, 1, 3, 2, 1, 1, 2	1.73333333333
MOP4	zh	Er starb im Oktober 1976, 2 Alexander wurde in Woodlawn Cemetery in der Bronx begraben .	15	3, 1, 2, 3, 1, 2, 3, 1, 3, 3, 4, 3, 3, 2, 2	2.4
MOP4	zh	Vorgeschriebenen Lesungen - " Rennen zu gewinnen " , und die Arbeiter im Weinberg Metapher .	11	2, 4, 2, 1, 1, 2, 1, 3, 3, 1, 1, 2, 3, 1, 2, 3	2.0
MOP4	zh	Zunächst organisierte diese Ausstellungen , vor allem in der Altstadt und dem KohlenstoffmarktHandelsmarkt .	12	3, 1, 2, 3, 1, 3, 1, 2, 2, 2, 3, 1, 2, 2	2.0
MOP4	zh	In der 30. August 1398 die Brüder Rudprecht und Leubenegg Andre Gregory lobte den Erzbischof von Salzburg unten .	18	3, 1, 1, 1, 1, 1, 2, 2, 1, 1, 1, 3, 1, 2, 2	1.53333333333
MOP4	zh	Film Festival-Organisatoren regelmäßig machen spezielle Integrations oder Orchesterprojekt , das ein exklusives Erlebnis in jazzopen ist :	15	3, 1, 2, 1, 2, 2, 1, 1, 2, 2, 2, 2, 2, 1, 1, 2	1.6875
MOP4	zh	Nach Hause zurückgekehrt , wurden sie von der Vereinigung mit dem Spiel für mehrere Monate Suspension bestraft .	16	3, 3, 3, 2, 2, 3, 3, 2, 2, 3, 2, 3, 1, 3, 3	2.53333333333
MOP4	zh	Matthijs ist der mittlere von drei Brüdern , Jacob Maris anderen Brüdern und Schwestern und William Maris .	16	3, 1, 3, 2, 1, 2, 2, 2, 2, 1, 2, 4, 2, 2, 4, 2	2.1875
MOP4	zh	Gemäß der Vereinbarung streng symmetrischen Barock vier Linien auf jeder Seite des Fensters zu der zentralen Achse angelegt .	18	2, 3, 2, 1, 1, 3, 3, 1, 2, 2, 1, 3, 3, 2, 1, 2	2.0
MOP4	zh	Es ist in A11 , der Hauptstraße zwischen Norwich und London sind南塞特福德Waldgebiet Wald .	12	2, 1, 1, 1, 1, 1, 1, 2, 1, 1, 2, 1, 1, 2	1.28571428571
MOP4	ja	Das Pflaster in der gesamten Strecke ausgeführt werden soll auf der Straße für den Verkehr gesperrt und Radwege entlang den Hängen der Weinberge teilweise .	24	3, 3, 1, 2, 1, 2, 1, 1, 2, 3, 1, 1, 1, 2, 1, 2, 2	1.70588235294
MOP4	ja	In dem Betrieb der 10 Liga, war er, aber nur ein Jahr dort .	13	2, 2, 3, 2, 2, 2, 3, 2, 3, 2, 1, 3, 1, 1, 3, 2	2.125
MOP4	ja	Land für Schäden, die durch die, die in Raum-Objekte angeordnet sind nach dem Vertrag zu halten .	16	3, 1, 2, 1, 1, 2, 1, 2, 1, 1, 1, 3, 1, 2, 2	1.6
MOP4	ja	Diese Nähte entstehen hier und tauchen in Richtung Norden bei Tageslicht, deckt es durch ( " Essen grünen Sandstein " ) glaukonitischen Sandstein der Oberkreide zu ihnen .	23	3, 1, 2, 1, 2, 1, 2, 2, 1, 1, 3, 1, 1, 3, 1	1.66666666667
MOP4	ja	2006 Van Amersfoort Racing in den Niederlanden Schritt bis zu F3 Cup Deutschland .	13	2, 1, 2, 3, 1, 3, 2, 1, 2, 1, 2, 2, 1, 1, 3	1.8
MOP4	ja	Sie dauerten Sohn Wolfgang Freundsberg von ihnen. Kinder starben in der 1449. These	13	3, 1, 2, 2, 1, 1, 1, 1, 1, 1, 1, 1, 1, 1	1.28571428571
MOP4	ja	Beenden seiner besten von den nordischen Ski-Weltmeisterschaften 2011 in Oslo 13. im Teamsprint und in der 50. von 30 km Verfolgungsrennen war .	22	2, 1, 2, 1, 2, 2, 1, 2, 1, 1, 3, 3, 1, 1, 2	1.66666666667
MOP4	ja	Unterschrieb einen Vier -Jahres-Vertrag für die Serie Ein Bergsteiger Hellas Verona in Italien , wurde dort am 28. Juni 2013 eine neue Ankunft im Jahr 2013 vorgestellt .	25	3, 1, 2, 3, 1, 2, 1, 2, 2, 3, 1, 1, 1, 3, 2	1.86666666667
MOP4	ja	Er diente als Reserveoffizier in der deutsch-französischen Krieg von 1870 bis 1871 .	12	2, 4, 3, 3, 3, 3, 3, 4, 3, 3, 3, 3, 3	3.07692307692
MOP4	ja	Er war Präsident (PNR , Rumänien Kuomintang ) der " Hektik Partidul National Roman SI Siebenbürgen Banat " in 1884-1888 .	15	3, 3, 1, 2, 3, 1, 3, 2, 3, 4, 4, 2, 3, 3, 4	2.73333333333
MOP4	ja	Kirche des ehemaligen Klosters von Santo katholischen Gemeinde Trois Vallées Collet de von heute verwendet werden .	16	3, 1, 2, 1, 3, 2, 2, 3, 2, 1, 2, 3, 1, 1, 2	1.93333333333
MOP4	ja	Das Nest wurde in dichter Vegetation gebaut und ist bei den meisten Arten in der Nähe der Wasser durch einen Strohhalm befestigt .	22	3, 4, 3, 3, 3, 3, 4, 2, 3, 4, 4, 4, 3, 2, 4	3.26666666667
MOP4	ja	Ich suche Geld, um in die Vereinigten Staaten zu fliehen , die Mutter von Melchior antwortete auf einen Brief von St. Moritz .	21	3, 1, 3, 4, 1, 3, 1, 3, 1, 3, 3, 2, 3, 3, 3, 1	2.375
MOP4	ja	Zu massiven Explosion zu vermeiden , werden die wichtigsten Entscheidungen , benachrichtigt er die Regierung die Lage in der Zone .	18	3, 1, 2, 1, 1, 2, 2, 1, 2, 1, 1, 2, 1, 1, 2	1.53333333333
MOP4	ja	Diese drei Lieder wurden für Digipakversion Album verwendet .	8	2, 3, 3, 2, 2, 3, 2, 3, 3, 3, 3, 3, 3, 3, 3	2.73333333333
MOP4	ja	Wenn Sie spielen gut und haben die Agilität und Sprungkraft phänomenal , er ist sich der Situation bewusst Knospe .	18	3, 1, 1, 1, 2, 2, 1, 1, 1, 1, 1, 1, 2, 1, 1, 2	1.375
MOP4	ja	Nach der Anwesenheit der offiziellen Facebook- MusikarchivGeist aus Metall, ist ein Online- Enzyklopädie der Welt größte im Bereich der Rock-und Metal .	21	3, 1, 2, 1, 1, 3, 2, 1, 1, 1, 3, 1, 2, 2	1.71428571429
MOP4	ja	Während dieser Zeit , in Neuauflagen des anderen , zur Linderung der Schweiz für Kriegsnotleidende Studenten und der Schweizerische Nationalfonds , verkündete sie .	20	2, 1, 2, 1, 2, 2, 2, 2, 1, 1, 2, 1, 2, 2	1.64285714286
MOP4	ja	20 Dezember , 1994, Maschinen-und Anlagenbau Unternehmen wurde gegründet Cl .	9	2, 1, 3, 2, 1, 1, 3, 2, 3, 3, 1, 3, 2, 2, 2	2.06666666667
MOP4	ja	" Rektor secundarius " Johann Heinrich Daniel Moldenhawer war der letzte .	9	2, 4, 4, 2, 3, 4, 2, 4, 3, 4, 4, 2, 4, 4	3.28571428571
MOP4	ja	Ausgangsverteilung , wird es als eine Verteilung von Einkommen oder passive finanzielle Entschädigung wie aktive Geldentschädigung bezeichnet wird .	17	2, 1, 1, 1, 3, 2, 1, 1, 1, 3, 1, 3, 3, 1, 1, 2	1.6875
MOP4	ja	Bett Brennen ist der amerikanische TV-Drama , das Platz bei einem Tausendstel 984 nahm	13	3, 1, 2, 2, 1, 3, 1, 1, 1, 1, 2, 1, 1, 1, 1	1.46666666667
MOP4	ja	I ist ersichtlich, dass das stoffartige , durch die Farbe der Muskel wahrscheinlich Mundseite des Weithals umgeben .	16	3, 1, 1, 1, 1, 1, 1, 1, 2, 1, 1, 3, 2, 2, 1	1.46666666667
MOP4	ja	Zuerst von Hermann Schubnell Institut ist (1910-1996) , ging Anthropologe Hans Wilhelm Jürgens , es war in der Regel der erste Direktor des BIB vorläufig .	22	3, 1, 1, 1, 1, 1, 2, 1, 1, 2, 2, 2, 1, 1, 2	1.46666666667
MOP4	ja	Ismaele ist in der Liebe , wie er ein Gefangener Babel und Fenena , die ihn mit einem großen persönlichen Risiko veröffentlicht wurde war .	22	3, 1, 2, 1, 1, 2, 1, 2, 2, 1, 1, 2, 1, 1, 1	1.46666666667
MOP4	ja	Ich muss ihn in den 80er Jahren , Alkohol -oder Drogenkonsum seiner grassierenden zu stoppen, für die meisten der kreativen Arbeit .	19	2, 1, 1, 2, 1, 2, 1, 1, 2, 1, 1, 1, 1, 2, 1	1.33333333333
MOP4	ja	Als ehemaliger Staatschef , zusätzlich zu den Worten ( "Belohnung" ) , hat er eine qualifizierte Leben in vollen Lohn der Dienstwagen und das Büro des Privatsektors .	22	3, 1, 3, 2, 1, 2, 2, 3, 2, 1, 1, 1, 1, 1, 2	1.73333333333
MOP4	ja	Rechnung, die Ausnahme von mehreren in der so genannten DC -Zylinder- Formmaschine hergestellt .	12	2, 2, 1, 3, 3, 1, 2, 2, 1, 2, 3, 1, 2, 2	1.92857142857
MOP4	ja	Einiges davon wurde in 1 abgebaut , alluvialen Diamant war eine Diamantenmine in Australien nur .	14	2, 1, 2, 1, 2, 3, 3, 1, 2, 2, 1, 2, 3, 1, 2, 2	1.875
MOP4	ja	Radierung und Zeichnung von ihr, soll ich tragen die einzelnen , die Signatur künstlerischen einzigartig .	14	2, 1, 1, 1, 1, 1, 1, 2, 1, 1, 1, 2, 1, 2, 1	1.26666666667
MOP4	ja	Insbesondere kann dazu führen, labiler Schichtung tritt auf, wenn kalte Luft bewegt sich schneller als auf dem Boden in Kaltfront , die durch die dynamische Ebene .	25	4, 3, 1, 2, 1, 1, 1, 1, 2, 2, 1, 1, 1, 2, 1, 2, 2	1.64705882353
MOP4	ja	Interactive Data Corporation (NASDAQ : IDC ) ist ein Wirtschaftsinformationsdienst der Vereinigten Staaten .	10	4, 4, 4, 4, 4, 4, 4, 4, 4, 4, 4, 4, 4, 4, 4	4.0
MOP4	ja	Sicher ist, dass Dorf gab es Kappel Altstrasse Nii .	9	3, 1, 2, 2, 1, 2, 2, 2, 3, 1, 1, 2, 1, 1, 1, 2	1.6875
MOP4	ja	Ich die Dills Bockenem zog in der Nähe später .	9	3, 1, 2, 1, 1, 1, 1, 2, 1, 1, 2, 1, 1, 2, 1	1.4
MOP4	ja	In Torgleichheit und bis 90 Minuten nach dem Spiel verlängert , wird er gebracht, um die PK Schlacht unmittelbar nach der möglich danach zu bestimmen .	24	2, 1, 2, 1, 1, 2, 1, 2, 1, 1, 1, 2, 1, 1, 1	1.33333333333
MOP4	ja	Seit 1795 Interesse an seiner wissenschaftlichen, dem ersten der Zoologie hauptsächlich .	11	3, 2, 2, 1, 2, 1, 2, 2, 1, 1, 2, 1, 1, 2	1.64285714286
MOP4	ja	Es wurde 1836 von John Herschel , NGC 1748 entdeckt wurde, ist in der New General Catalogue beschrieben worden .	18	3, 1, 2, 1, 1, 2, 2, 3, 2, 1, 1, 3, 2, 2	1.85714285714
MOP4	ja	Der Secret Service von Österreich, wurde er als Diplomat in Bern und Stockholm angenommen .	13	4, 1, 2, 2, 1, 3, 1, 3, 2, 3, 2, 3, 2, 2	2.21428571429
MOP4	ja	So werden nicht nur national , Europa, Ecolight Flugzeuge nach JAR / EASA zertifiziert .	12	2, 4, 3, 1, 1, 3, 3, 3, 3, 2, 3, 3, 2, 4, 4	2.73333333333
MOP4	ja	Einer der Wasserkocher die andere in der Siedlung Lindenhof aufgeführt Verbindungs Westen zum Lake krummen Feuer und Friedhof .	18	3, 1, 2, 1, 1, 1, 3, 2, 2, 1, 1, 1, 2, 1, 2	1.6
MOP4	ja	Dies gilt auch für einige Blätter in Windows .	8	3, 1, 3, 3, 4, 3, 1, 3, 4, 3, 3, 3, 2, 3, 3, 2	2.75
MOP4	ja	Abstand betrug 1 971 inkrementiert die Straße, die eine Anzahl von Strom 221 1974 erhalten hat .	16	3, 1, 2, 1, 1, 2, 1, 1, 2, 2, 1, 3, 2, 1	1.64285714286
MOP4	ja	In der dritten Ausgabe des Nations Cup , dreimal , um das Siegerteam kam er haben , verwenden wollen .	16	3, 1, 1, 1, 2, 1, 1, 1, 2, 1, 1, 2, 2, 1, 1, 1	1.375
MOP4	ja	So legte er den Befreiungskrieg im Zusammenhang mit der Freisetzung und Assimilation der jüdischen Bevölkerung .	15	2, 4, 2, 3, 3, 3, 3, 3, 4, 2, 4, 2, 1, 3, 2	2.73333333333
MOP4	ja	So können sie die geordnete Urlaub relativ großen Dnjepr Verlust ihrer Seite schließlich verhindern .	14	3, 1, 2, 1, 1, 2, 3, 1, 2, 1, 1, 1, 2, 2, 2	1.66666666667
MOP4	ja	Doch nicht nur Bedonkohe Band war in Chihenne Band von Chiricahua Apache der " Kupfermine " -Lokalgruppe ist Teil der so genannten " Hiraapatchi " .	20	3, 1, 2, 2, 1, 2, 2, 2, 1, 1, 1, 2, 1, 1, 3	1.66666666667
MOP4	ja	Verheiratet Carolyn Christoph · Bakargiev , ist es ein Performance-Künstler Cesare Pietroiusti mit zwei Töchter ( geboren 1955 ) Italien .	16	3, 1, 3, 3, 1, 2, 3, 2, 2, 2, 2, 1, 1, 2, 2	2.0
MOP4	ja	Frauen bedecken Schildläusen der zweiten Larvenstadium erfüllt wird, habe ich nicht lange Beine .	13	3, 1, 1, 1, 1, 1, 1, 1, 2, 1, 1, 1, 2, 1, 1, 2	1.3125
MOP4	ja	Schimmelpfennig war der jüngste von drei Brüdern in einer Familie von Musikern .	12	3, 4, 4, 4, 4, 4, 4, 4, 4, 4, 4, 4, 4, 4, 4	3.93333333333
MOP4	ja	Teil einer Serie von zwei in der Best-of -two -Modus wurde auf der 30. des Jahres 2008 vom 24. August statt .	19	3, 1, 2, 1, 2, 1, 1, 2, 1, 1, 2, 1, 2, 2	1.57142857143
MOP4	ja	Der Klassenname wird aus dem traditionellen Beginn der ersten abgeleitet .	10	2, 2, 3, 4, 3, 3, 3, 2, 3, 3, 2, 2, 2, 3, 2	2.6
MOP4	ja	Schrieb das Spiel zum Film ", der" " Ball " und "" Primal Fear "," Menschen " 10/2007 direkt " TV -Magazin .	14	3, 1, 2, 1, 1, 1, 1, 2, 3, 3, 2, 2, 1, 3, 1	1.8
MOP4	ja	Zuvor war ich als Bezugspunkt der Schneeschmelze und Meerwasser eingesetzt .	10	3, 1, 2, 1, 3, 1, 2, 3, 2, 1, 3, 1, 2, 1, 1	1.8
MOP4	ja	Absolventen enthält die wichtigsten Mitglieder Klerus Nobelpreisträger, Regierung , Politiker , Würdenträger , Senior Künstler der Akademie der Schweden .	16	1, 2, 1, 1, 1, 1, 3, 2, 2, 2, 2, 1, 2, 3, 3	1.8
MOP4	ja	"Primär" Tuffit werden während des Vulkanausbruchs gebildet wird, ist es üblich, vor allem in der Plinianische Ausbruch der Erscheinung .	17	2, 1, 2, 1, 1, 2, 1, 2, 1, 1, 2, 2, 1, 1, 2	1.46666666667
MOP4	ja	Im Jahr 2012 ist sie auch als Darsteller , führte sie in zwei der letzteren gesehen , der Stunt als "unmöglich " Film über " " Safe House "und" Dread " .	22	2, 1, 1, 1, 2, 2, 1, 2, 1, 1, 1, 2, 1, 1, 2	1.4
MOP4	ja	Und Lösung Busbetrieb , in den großen Städten , die Sie benötigen , um den Ausbau der U-Bahnlinien und den Bau zu wechseln .	20	3, 1, 2, 1, 1, 1, 2, 2, 1, 1, 2, 1, 2, 2	1.57142857143
MOP4	ja	Der Ursprung der Plan in das Feld, um einen Handelshafen in der Mitte des 19. Jahrhunderts bereits zu bauen .	19	2, 1, 3, 3, 1, 2, 2, 1, 2, 2, 2, 3, 1, 1, 1	1.8
MOP4	ja	Es begrenzt den Rhein nach Süden in Richtung Norden .	9	3, 3, 2, 4, 2, 4, 3, 3, 1, 3, 4, 3, 3, 3, 3, 3	2.9375
MOP4	ja	Sein Tod in Deutschland in Berlin und Beamte auf " große Redner " Great Lodge war er ( " Zinnendorfisches System") .	17	2, 1, 2, 1, 1, 3, 2, 2, 1, 1, 2, 2, 1, 1, 2	1.6
MOP4	ja	Margaret sagte ist der Prototyp des legendären Margaret von Litermont von der lokalen Regierung Maldix Saga wahrscheinlich .	17	2, 1, 2, 3, 1, 2, 2, 1, 1, 1, 1, 1, 1, 2, 2	1.53333333333
MOP4	ja	Ab 1951 wissenschaftlicher Mitarbeiter an der Berliner Zentral- Bildungsinstitut in Deutschland, war er der letzte obere Lautsprecher .	17	3, 1, 2, 1, 3, 3, 2, 2, 2, 1, 2, 2, 3, 2, 1, 3	2.0625
MOP4	ja	Er praktizierte Recht in Portland aus dem Jahr 1965 .	9	3, 1, 3, 3, 2, 3, 3, 3, 3, 2, 2, 2, 2, 2, 3	2.46666666667
MOP4	ja	So kämpfte er am 15. August in der Schlacht von Liegnitz .	11	3, 4, 4, 4, 4, 4, 4, 4, 4, 4, 4, 4, 4, 4	3.92857142857
MOP4	ja	Aber , die Meinecke sind gegeben hatte Inspiration , Kultur als Gymnasiast Pop .	11	2, 1, 1, 1, 1, 1, 1, 1, 1, 1, 1, 2, 1, 2, 1	1.2
MOP4	ja	Es ist eine Stadt der Verwaltungsbezirke des Staates Kobuhamusari Elmbridge .	10	2, 4, 4, 2, 4, 4, 3, 4, 2, 3, 4, 3, 4, 3, 3, 2	3.1875
MOP4	ja	Er war ein Mitglied der katholischen Kirche St. Alexander .	9	3, 4, 4, 4, 4, 4, 4, 4, 4, 4, 4, 4, 4, 4	3.92857142857
MOP4	ja	Dominiert die Geschichte , auch der Sohn von Sängerin , sie und hat sich weiter von der Außenwelt ausgeblendet werden , weiß ich nicht , was das Auge .	24	3, 1, 2, 1, 1, 2, 1, 1, 1, 1, 1, 1, 2, 1, 1, 1	1.3125
MOP4	ja	Es wird von der Vorderseite angenommen , kurz bevor Tochter Angelica , Captain von der Saale , wurde für zu Hause gestartet .	19	3, 1, 2, 1, 1, 2, 1, 1, 2, 1, 1, 2, 1, 1, 2	1.46666666667
MOP4	ja	Vertriebsgebiet erstreckt sich von Cooktown in Queensland an der Nordseite des Daintree River .	13	3, 2, 3, 2, 1, 3, 3, 3, 3, 4, 3, 2, 3, 3	2.71428571429
MOP4	ja	Bart, der im Jahr 1045 von der kaiserlichen Armee zerstört wurde .	11	3, 1, 2, 3, 1, 4, 3, 3, 3, 4, 4, 3, 2, 3	2.78571428571
MOP4	ja	Insbesondere sollten Sie ein wichtiges neues Element mit Hilfe der Telemetrie -Tracking durch die oben erwähnte Rückgang des Landers sein .	19	1, 4, 3, 3, 2, 1, 2, 2, 3, 1, 1, 3, 2, 1, 2, 3, 1	2.05882352941
MOP4	ja	Pierre- Henri de Valenciennes, war einer der bedeutendsten Landschaftsmaler seiner Zeit .	11	3, 4, 4, 4, 4, 4, 4, 4, 4, 4, 4, 4, 4, 4, 3	3.86666666667
MOP4	ja	Nach der Entscheidung von Präsident Ali & Seibu , ein Mehrparteiensystemeinzuführen , wurde Osman im Januar 1991 gegründet, die Sozialdemokratische Partei und Sozial Democratic Rally (CDS Rahama ) .	23	3, 1, 2, 2, 3, 3, 1, 3, 3, 1, 2, 4, 3, 3, 2	2.4
MOP4	ja	Der Zweck dieser Maßnahme ist es, die Fahrgastinformation Murnau Bahnhof auf zu verbessern .	13	3, 2, 3, 3, 2, 3, 3, 2, 2, 3, 3, 2, 4, 3	2.71428571429
MOP4	ja	Es kann nur von jeweils logisch differenziert ) interpretiert werden , um das Objekt von Begriffen Komplementklassen richtig erschien zu integrieren; S. logischen Kalkül in modern .	24	4, 1, 1, 1, 2, 1, 2, 3, 2, 2, 1, 3, 1, 2, 2	1.86666666667
MOP4	ja	Der 25. Mai 2005 wurde das Terminal gestartet , ich erhielt die Bezeichnung Terminal 1 abgefertigt .	15	2, 1, 1, 1, 1, 1, 2, 2, 1, 1, 2, 2, 1, 1, 2	1.4
MOP4	ja	Er sah , vor allem in der Lebensmittelsicherheitsmaßnahmen, um eine Wiederholung der Kolonie zu verhindern, wenn die militärischen Angriff während der Beginn des Zweiten Weltkrieges auf .	25	2, 1, 2, 3, 1, 2, 1, 1, 3, 1, 1, 1, 1, 2, 2	1.6
MOP4	ja	Weber hat in den nächsten zehn Jahren der Wettbewerb mit Stoffen von Maschine ersetzt worden .	15	1, 2, 1, 3, 2, 1, 2, 2, 2, 1, 3, 1, 2, 2	1.78571428571
MOP4	ja	Singer Ilkay Akkaya Torukoarevu ~ i Musikgruppe GRUP Kızılırmak (5 26. Mai 1964 in Istanbul geboren ) , ein Mitglied ist .	17	3, 1, 2, 1, 2, 1, 2, 2, 1, 1, 1, 3, 1, 2, 1	1.6
MOP4	ja	Beginnend im Jahr 1906 , hatte Shackleton früh mit der Planung der Antarktis-Expedition des eigenen begonnen .	15	3, 1, 3, 2, 3, 3, 3, 3, 2, 2, 2, 2, 4, 1, 2, 2	2.375
MOP4	ja	In der Position, Südosten, und das Dorf der ehemaligen Grube in Bern Burggraf- Kahlwinkel .	14	2, 1, 3, 3, 1, 3, 3, 3, 2, 3, 1, 1, 1, 2, 2	2.06666666667
MOP4	ja	Sein Artikel , offenbarte Unterschiede in den bürgerlichen Parteien und sozialdemokratische Politik .	11	3, 4, 2, 3, 3, 3, 2, 4, 3, 3, 3, 3, 4, 3	3.07142857143
MOP4	ja	Ich habe gelernt, 90 Saab Renovierung Anfang 1986 .	8	3, 1, 2, 1, 2, 2, 2, 1, 1, 2, 1, 2, 1, 2	1.64285714286
MOP4	ja	In der mündlichen Verhandlung sprach Brady noch einmal auf seine Situation .	11	4, 2, 3, 2, 3, 3, 2, 2, 3, 3, 3, 3, 3, 1, 3, 3	2.6875
MOP4	ja	Schubkarre von allen, an der Grenze des alten Herzogtums Baden .	10	2, 1, 1, 1, 1, 3, 1, 2, 2, 1, 3, 3, 1, 2, 1	1.66666666667
MOP4	ja	(† 3. Juli 1943 München , 2. Februar geboren 1866 in Damm ) Adolf di Krumlov war ein deutscher Philosoph .	17	3, 4, 4, 4, 3, 3, 3, 4, 3, 3, 4, 4, 2, 3, 3	3.33333333333
MOP4	ja	In der Stellungnahme des IDW , der Bildung einer Sammlung Artikel von Handelskonto, um im Grunde zu verhindern, gibt es nichts .	20	2, 1, 2, 1, 3, 1, 3, 2, 1, 2, 2, 1, 1, 2	1.71428571429
MOP4	ja	Ware aus den Niederlanden ( Tuch ) gehandelt (Seide, Oriental Waren ) Italien hier .	10	2, 1, 2, 2, 3, 1, 2, 2, 1, 1, 2, 1, 1, 2	1.64285714286
MOP4	ja	Felix zum Kloster Heidenheim wird von Canon Harburg recycelt .	9	3, 1, 1, 2, 3, 1, 1, 3, 2, 1, 1, 3, 3, 1, 1, 1	1.75
MOP4	ja	Es ist ein Hersteller von Wurstbrät EFG Eberswalder Blitz und EWG Eberswalde, Inc. und Wurst ( Eberswalde ) Fleisch .	17	3, 1, 4, 3, 1, 1, 3, 1, 2, 3, 3, 1, 1, 2, 1	2.0
MOP4	ja	Darüber hinaus wurde er mit dem Preis von INR Markov Lenin-Preis , dem Humboldt-Forschungspreis ausgezeichnet .	14	3, 2, 3, 4, 2, 3, 4, 4, 2, 3, 3, 4, 4, 3	3.14285714286
MOP4	ja	Steigende und Wolfgang Seelsorgsregion der Erzdiözese Weihbischof Süden von München hat auch aus Freising kommen .	15	1, 1, 4, 1, 1, 1, 1, 1, 1, 1, 2, 1, 2, 2	1.42857142857
MOP4	ja	Adjouffou ist ein Slum von Port Bouët Stadt Abidjan Stadtteil im Süden der Elfenbeinküste in Westafrika .	16	3, 1, 4, 1, 1, 3, 3, 4, 3, 3, 4, 4, 2, 3, 4	2.86666666667
MOP4	ja	Grün , für die zu spielen, begann er seine berufliche Karriere 1983 bei RSC Anderlecht bis 1990 in der Jupiler League .	20	3, 1, 2, 1, 3, 2, 2, 2, 1, 2, 3, 1, 2, 2	1.92857142857
MOP4	ja	Er wurde in Woodlawn Cemetery in der Bronx begraben und starb am 2. Oktober 1976 in Alexandria .	17	3, 2, 4, 4, 3, 3, 4, 3, 4, 3, 3, 3, 3, 3, 3	3.2
MOP4	ja	Andre Leubenegg Brüder und Rudprecht lobte die folgende in Salzburg Erzbischof Gregory auf 30. August 1398 .	16	2, 1, 2, 1, 1, 2, 1, 1, 2, 1, 1, 2, 1, 1, 3	1.46666666667
MOP4	ja	I zeigt die Vorgehensweise der Giro in nicht- Biografie Abschnitt - " Strategie , um das Glück zu maximieren " , dass - der Untertitel des Buches .	21	2, 1, 1, 1, 3, 1, 1, 2, 1, 1, 1, 2, 1, 2, 1	1.4
MOP4	ja	Zu der Zeit nach Hause zurückkehren , sie durch Assoziation mit einer mehrmonatigen Spielsperre bestraft .	14	3, 1, 2, 1, 1, 3, 2, 1, 1, 1, 3, 2, 1, 1, 1	1.6
MOP4	ja	Matthijs war Mashi von Willem Maris und Yakobumarisu war der mittlere von drei Brüdern , die anderen Brüder .	17	3, 1, 2, 2, 1, 1, 1, 2, 1, 2, 2, 1, 1, 2, 1	1.53333333333
MOP4	es	" Iho " ist oft nach Verben, die die Körperfunktionen zum Ausdruck bringen und unser Verständnis nicht reflektierend, wie das Essen ("" ai " ) , Trinken ( " Inu " ) und dachte ( " Mana'o ") .	25	2, 1, 3, 2, 3, 2, 3, 2, 2, 3, 4, 2, 3, 2, 2, 4	2.5
MOP4	es	Nach dem Vertrag Staaten haften für Schäden, die durch Raum-Objekte in platziert verursacht .	13	3, 1, 2, 2, 2, 2, 2, 3, 3, 1, 1, 1, 3, 1, 2, 1	1.875
MOP4	es	1971 und 1994 wurde die Zugabe von kleinen Verbesserungen .	9	3, 2, 2, 1, 1, 4, 1, 3, 2, 2, 1, 3, 3, 2	2.14285714286
MOP4	es	2.014 Show ist jetzt weit über 2.200 Stelen Risse durchzogen ist .	10	2, 1, 2, 3, 1, 1, 1, 1, 1, 1, 2, 1, 1, 1, 1	1.33333333333
MOP4	es	Sie wurden von seinem Sohn Wolfgang Freundsberg gefolgt ; diese kinderlos starb 1449 .	12	3, 1, 3, 3, 2, 2, 2, 2, 1, 1, 3, 1, 2, 2, 2	2.0
MOP4	es	Sein bestes Ergebnis bei der FIS Nordischen Ski-Weltmeisterschaften 2011 in Oslo wurden in der 30 km Verfolgungsrennen und am 13. im Teamsprint auf Rang 50 .	25	3, 2, 3, 2, 2, 3, 3, 2, 3, 2, 2, 3, 2, 3, 3	2.53333333333
MOP4	es	Andere Verweigerer waren arbeitslos oder arbeiten bescheidenen Derivate abgelehnt alles, was in der Kultur und Sinnstiftung zuvor .	17	3, 1, 1, 1, 3, 1, 2, 2, 2, 1, 1, 3, 1, 2, 3	1.8
MOP4	es	11.40 Uhr brach die 400 Meter hohe senkrechte Felswand an der südlichen Wand des Flimserstein Aufschlüsse von kleineren Felsen .	19	3, 3, 4, 3, 2, 1, 3, 2, 3, 2, 3, 3, 2, 2, 2	2.53333333333
MOP4	es	Wenn Sie klopfen eine Fledermaus hängen und beschädigte die KegelsitzGabel .	10	3, 1, 2, 1, 1, 1, 2, 2, 1, 1, 2, 1, 1, 1	1.42857142857
MOP4	es	Die Kollision brach die DC 9 noch in der Luft und stürzte ab .	13	2, 3, 2, 3, 2, 3, 1, 4, 2, 3, 2, 4, 4, 3	2.71428571429
MOP4	es	Jimmy Dixon ( * 10. Oktober 1981 in Bomi ) ist ein Fußballspieler aus Liberia .	12	2, 4, 4, 4, 4, 4, 4, 4, 4, 4, 4, 4, 4, 4	3.85714285714
MOP4	es	Colette -des - - Trois - Heute Vallées ehemaligen Klosterkirche der katholischen Gemeinde Sainte verwendet .	11	1, 2, 1, 1, 2, 2, 3, 2, 2, 1, 2, 1, 1, 2, 3	1.73333333333
MOP4	es	Das Nest wird in dichter Vegetation gebaut und bei den meisten Arten in der Nähe von Wasser an Strohhalme verankert .	20	3, 3, 3, 3, 4, 4, 3, 4, 4, 4, 4, 4, 4, 4	3.64285714286
MOP4	es	Melchior Mutter reagierte auf einen Brief von Moritz, um Geld zu bitten , um in die Vereinigten Staaten fliehen .	18	3, 1, 3, 4, 2, 3, 2, 2, 2, 2, 4, 4, 2, 3, 3	2.66666666667
MOP4	es	Er nahm die wichtigsten Entscheidungen , um große Explosionen zu vermeiden und informiert die Regierung über die Situation in der Region .	19	1, 2, 1, 2, 3, 1, 4, 3, 3, 3, 4, 2, 3, 3	2.5
MOP4	es	Er hat ein enormes Springvermögen und Agilität , spielt gut mit und erkennen, Situationen in der Knospe .	16	3, 2, 2, 2, 1, 3, 2, 2, 2, 3, 1, 3, 1, 2, 2	2.06666666667
MOP4	es	Während dieser Zeit veröffentlichte er auch Nachdrucke von der National Science Foundation der Schweiz und die Schweizer Hilfe für Studenten Kriegsnotleidende .	21	4, 3, 2, 3, 2, 2, 3, 2, 4, 3, 4, 3, 3, 3, 3, 3, 2	2.88235294118
MOP4	es	Die Bevölkerung der Stadt hat sich in den vergangenen zwei Jahrzehnten kaum verändert :	13	3, 4, 4, 4, 4, 4, 4, 4, 4, 4, 4, 4, 4, 4	3.92857142857
MOP4	es	Im Laufe von 27 Polen kämpfen immer noch Maschinen wie 54141-167 kam in die Dominikanische Republik .	16	2, 1, 2, 1, 1, 1, 1, 2, 2, 1, 1, 2, 1, 2, 1	1.4
MOP4	es	Die Ausgangsverteilung wird als passive Finanzausgleich und Einkommensverteilung als aktiver Ausgleich .	11	3, 1, 2, 1, 3, 2, 2, 2, 2, 3, 1, 3, 1, 1, 2	1.93333333333
MOP4	es	Das brennende Bett ist eine amerikanische TV-Drama in 1984a gemacht	10	3, 1, 3, 2, 2, 3, 2, 2, 2, 2, 1, 1, 3, 2	2.07142857143
MOP4	es	Ismaele Fenena liebt , den er unter großen persönlichen Risiken geliefert hatte , als er ein Gefangener in Babylon war .	18	1, 2, 3, 3, 1, 2, 1, 1, 4, 2, 3, 2, 2	2.07692307692
MOP4	es	Von Sebastian Schertlin in Kriegsschiffe war glücklich , nun in fast allen Zügen der Armee im mittleren und südlichen Europa an der Zeit beteiligt .	23	3, 1, 1, 3, 1, 2, 2, 2, 1, 1, 3, 1, 1, 1, 1	1.6
MOP4	es	Diese neue Beschaffungspolitik wurde zuerst in der Multi-Engine- Designs " Armstong Whitworth AW154 eingeführt	13	3, 4, 3, 4, 3, 3, 4, 3, 3, 4, 3, 3, 3, 3, 3	3.26666666667
MOP4	es	Wie der ehemalige Staatschef , der das Recht auf Leben zu den Gesamtbezügen des Ausdrucks ( " Fee" ) hat , sowie ein Arbeitszimmer und einen Firmenwagen .	22	2, 1, 2, 2, 1, 2, 2, 2, 1, 2, 2, 4, 1, 2, 2	1.86666666667
MOP4	es	Es war der einzige Diamantenmine in Australien, in die alluvialen Diamanten wurden in einem abgebaut .	15	3, 2, 1, 1, 1, 2, 2, 3, 2, 1, 3, 2, 2	1.92307692308
MOP4	es	, die in Yunnan gebaut worden , wird von einigen Autoren als erste Kettenbrücke betrachtet .	13	1, 3, 3, 1, 3, 3, 2, 3, 2, 3, 1, 2, 3, 2, 3	2.33333333333
MOP4	es	Seine Zeichnungen und Radierungen bringen ihre individuelle , unverwechselbare künstlerische Handschrift .	10	2, 2, 4, 3, 1, 4, 3, 2, 4, 2, 3, 3, 3, 4	2.85714285714
MOP4	es	Interactive Data Corporation ( NASDAQ: IDC) ist ein Informationsdienst der amerikanischen Wirtschaft .	11	3, 4, 4, 4, 4, 4, 4, 4, 4, 4, 4, 4, 4, 4, 4	3.93333333333
MOP4	es	Service-Level- Reduktionen in der Schwere nur durch die " Stilllegung" überschritten .	9	2, 1, 2, 2, 1, 4, 2, 2, 2, 3, 3, 1, 3, 2, 2	2.13333333333
MOP4	es	Nuda Arten ernähren sich von freischwimmenden Tiere mit weichem Körper , vor allem aus anderen Rippenquallen , die leicht größer ist als sie selbst sein kann .	24	3, 4, 3, 1, 2, 4, 3, 3, 3, 3, 4, 2, 3, 3, 3, 4	3.0
MOP4	es	Sicher ist, dass die Stadt in einer Kappel Altstrasse .	9	3, 1, 2, 3, 1, 3, 2, 2, 2, 1, 2, 2, 1, 1, 2	1.86666666667
MOP4	es	Seine Auftritte in der Gemeindeversammlung soll durch hohe Rhetorik und Geist voller Humor und Rivalen , dh gekennzeichnet	17	3, 1, 2, 1, 1, 2, 2, 2, 1, 2, 2, 1, 2, 2	1.71428571429
MOP4	es	später zog die in der Nähe von Bockenem Dills .	9	3, 4, 3, 3, 2, 3, 2, 3, 2, 2, 3, 1, 1, 3	2.5
MOP4	es	Der Rat wird in Workum basiert , die anderen Orte in der Gemeinde sind : Hemelum , Hindeloopen , It Heiden , Koudum , Molkwerum , Scharl , Stavoren und warnt .	23	3, 1, 2, 2, 2, 3, 1, 1, 2, 2, 2, 1, 1, 2, 3	1.86666666667
MOP4	es	Seine wissenschaftlichen Interessen seit 1795 zunächst vor allem in der Zoologie .	11	3, 1, 2, 2, 2, 3, 2, 3, 2, 3, 2, 3, 2, 3, 3	2.4
MOP4	es	NGC 1748 wurde von John Herschel im Jahr 1836 entdeckt und ist im New General Catalogue aufgeführt .	17	3, 4, 4, 3, 3, 4, 3, 2, 2, 4, 4, 4, 4, 4, 4	3.46666666667
MOP4	es	Am 7. Oktober 2013 wurde Wiesinger zusammen mit Reutershahn freigegeben .	10	3, 4, 4, 3, 4, 3, 3, 4, 4, 4, 2, 4, 4, 3, 4, 3	3.5
MOP4	es	Von der österreichischen Geheimdienst wurde als Diplomat in Stockholm und Bern tätig .	11	3, 1, 2, 2, 3, 3, 2, 2, 2, 2, 3, 2, 2, 2, 2	2.2
MOP4	es	Wohngebäude waren Holzhäuser gab es Türme , Gewölbe und Grabstätten der heidnischen Verehrung .	12	4, 4, 1, 3, 1, 2, 1, 1, 3, 3, 2, 2, 1, 3, 1, 1, 2	2.05882352941
MOP4	es	Allerdings zunächst nur einer der Köpfe der " Sons of Liberty " den Anspruch als ihre eigenen gemacht hatte .	17	1, 2, 3, 1, 3, 1, 2, 2, 3, 4, 2, 1, 3, 1, 2	2.06666666667
MOP4	es	Die Serie am 14. Juni 2007 von dem Sender ausgestrahlt WOWOW in Japan bis zum 6. September 2007 geprüft .	19	3, 1, 2, 3, 1, 3, 2, 1, 2, 2, 1, 1, 1, 2, 1	1.73333333333
MOP4	es	Ein weiterer Kessel in der Siedlung Lindenhof Anschluss nach Westen zum Friedhof und Crooked Lake Feuer aufgeführt .	17	3, 1, 2, 3, 1, 3, 2, 2, 1, 1, 1, 2, 1, 2, 1	1.73333333333
MOP4	es	Der Abstand wurde bis 1971 Autobahn A 221 im Jahr 1974 erhöht erhielt seine aktuelle Anzahl .	16	3, 1, 2, 1, 2, 1, 1, 2, 2, 3, 1, 2, 1, 2, 2	1.73333333333
MOP4	es	In der dritten Ausgabe des Nations Cup war auf der Siegermannschaft und kam drei Mal zum Einsatz .	17	3, 1, 3, 4, 2, 2, 3, 2, 2, 1, 3, 2, 3, 2, 2	2.33333333333
MOP4	es	So stellte er die Befreiungskriege im Zusammenhang mit der Assimilation und Emanzipation der jüdischen Bevölkerung .	15	3, 4, 3, 3, 3, 4, 3, 4, 3, 3, 4, 4, 2, 3, 4	3.33333333333
MOP4	es	In Lahti, Finnland endet 6. März 2004 eine erfolgreiche Karriere mit einem dritten Platz .	14	4, 4, 3, 3, 3, 3, 4, 4, 3, 4, 4, 3, 3, 3, 4	3.46666666667
MOP4	es	Die beiden Teile der Serie in der besten Weise zwei fand am 24. und 30. August 2008 .	17	2, 1, 1, 3, 1, 2, 2, 2, 2, 1, 1, 1, 1, 1, 1	1.46666666667
MOP4	es	Die "direkte TV" -Magazin schrieb 10/2007 Film Spiele " " Kugel " " mit " " Urängste "," die Menschen .	11	2, 1, 2, 1, 1, 1, 2, 1, 1, 1, 2, 1, 1, 1	1.28571428571
MOP4	es	Bisher sind Meerwasser und Schneeschmelze als Benchmark verwendet .	8	3, 2, 2, 3, 2, 3, 2, 3, 2, 1, 3, 2, 2, 2, 3	2.33333333333
MOP4	es	Sowohl Kinder als auch Erwachsene können Probleme in der es zu lösen .	12	2, 1, 2, 1, 3, 1, 2, 4, 2, 1, 1, 1, 2, 1, 2, 2	1.75
MOP4	es	Alumni gehören Nobelpreisträger , Verwaltung , Politiker, hochrangige Kleriker , prominente Mitglieder der schwedischen Akademien und Senior Künstler .	15	2, 2, 2, 3, 1, 2, 2, 2, 2, 4, 3, 2, 1, 2, 2	2.13333333333
MOP4	es	Von 1909 bis 1918 war sie Vorstandsmitglied der Liberalen Linkspartei .	10	3, 4, 4, 4, 4, 4, 4, 4, 4, 4, 4, 4, 4, 4, 4	3.93333333333
MOP4	es	1955 im Einklang mit einem einheitlichen Standard Name von ihm auf der Empfehlung des Board of Control des australischen Pfund ( AKCC ) konzipiert .	22	1, 3, 1, 3, 3, 1, 2, 2, 3, 1, 2, 1, 2, 2	1.92857142857
MOP4	es	Seit der Mitte des 19. Jahrhunderts , entstand der Plan, auf dem Gebiet , um einen Handelshafen zu bauen .	17	3, 3, 3, 3, 2, 3, 1, 2, 3, 2, 2, 2, 2, 3, 3	2.46666666667
MOP4	es	Lechner Kommerzialrat nicht warten Schicksal nach der Erfahrung mit dem Bürgermeister offenbar erholt und bewegenden Rede an das Parlament in Bezug auf die Lueger .	24	2, 1, 1, 2, 1, 3, 1, 1, 3, 1, 1, 1, 1, 2, 2	1.53333333333
MOP4	es	Aufgabe vierzehn Jahre alt , Kinder der Ort ist , um die Ratsche Osterkirchenglockenzu ersetzen .	13	2, 1, 1, 1, 1, 1, 1, 1, 1, 1, 1, 1, 1, 2, 2	1.2
MOP4	es	1939 L52 10,5 cm Revolver hatte eine Anfangsgeschwindigkeit von 830 m / s, und einen Schießstand bis zu 22 km ( nach Granada Spitzen 24 km) .	24	3, 3, 2, 1, 1, 3, 1, 1, 2, 4, 3, 3, 3, 1, 2, 2	2.1875
MOP4	es	Das sagte Margaret ist wohl der Prototyp des legendären Margaret Litermont lokale Politik Maldix Saga .	15	1, 1, 1, 3, 2, 1, 1, 2, 2, 1, 3, 2, 2, 2	1.71428571429
MOP4	es	Von 1951 war er wissenschaftlicher Mitarbeiter , zuletzt über dem Zentralinstitut für Bildung Berlin Deutschland Lautsprecher .	14	2, 1, 2, 3, 1, 3, 2, 3, 3, 2, 3, 4, 1, 1, 2	2.2
MOP4	es	Veranstalter der Laien -Spiele im traditionellen Sinne sind oft die Heimat Vereine oder Kirchen .	13	2, 3, 4, 3, 2, 3, 3, 3, 4, 4, 4, 4, 3, 3, 4	3.26666666667
MOP4	es	So kämpfte er am 15. August in der Schlacht von Liegnitz .	11	3, 4, 4, 4, 4, 4, 4, 4, 4, 4, 4, 4, 4, 4, 4	3.93333333333
MOP4	es	Cobham ist eine Stadt im Landkreis Elmbridge in Surrey .	9	4, 4, 4, 4, 4, 4, 4, 4, 4, 4, 4, 4, 4, 4, 4	4.0
MOP4	es	Er war ein Mitglied der katholischen Kirche von San Alejandro .	10	3, 4, 4, 4, 4, 4, 4, 4, 4, 4, 4, 4, 4, 4, 4	3.93333333333
MOP4	es	Kurz zuvor hat Angelica , die Tochter des Hauptmann von der Saale , von vorne aufgenommen und begann nach Hause .	18	3, 1, 2, 1, 3, 1, 2, 2, 1, 2, 2, 1, 2, 2	1.78571428571
MOP4	es	Die Palette reicht von Cooktown in Queensland , nördlich des Daintree River .	11	3, 1, 3, 1, 2, 3, 3, 3, 2, 3, 4, 1, 3, 2, 2	2.4
MOP4	es	Seine Arbeiten umfassen eine Oper , " Die Kleider machen Leute " zehn Sinfonien, sieben Konzerte , Kammermusik und Lieder .	16	3, 4, 4, 3, 3, 4, 4, 3, 4, 4, 4, 4, 4, 4, 4	3.73333333333
MOP4	es	Das Ziel dieser Maßnahme ist es, Informationen für die Fahrgäste über Murnau Bahnhof zu verbessern .	14	2, 3, 4, 3, 3, 4, 3, 4, 3, 4, 3, 3, 3, 4, 3	3.26666666667
MOP4	es	Viele haben andere Onsen Spa-Einrichtungen, künstlichen Wasserfällen , Massagen und Saunen .	10	2, 3, 2, 1, 3, 2, 3, 2, 4, 4, 3, 4, 1, 3	2.64285714286
MOP4	es	Ihr Dienstbereich im Einklang mit dem Düsseldorfer Stadtteil .	8	3, 4, 2, 2, 3, 3, 2, 2, 3, 2, 2, 4, 3, 2, 3	2.66666666667
MOP4	es	Allerdings war es noch unsicher , vor allem wegen des Mangels an Munition und Waffen .	14	3, 4, 4, 4, 4, 4, 4, 4, 4, 4, 4, 4, 4, 4	3.92857142857
MOP4	es	National bekannt war der Ort von der katholischen Kongregation der Schwestern Dernbacher .	12	4, 4, 3, 4, 4, 2, 4, 3, 3, 4, 4, 2, 3, 4	3.42857142857
MOP4	es	Der 25. Mai 2005 wurde das Terminal geöffnet und erhielt die Bezeichnung Terminal 1 .	14	2, 2, 3, 2, 3, 4, 4, 3, 3, 2, 3, 3, 3, 1, 2	2.66666666667
MOP4	es	Der Friedhof wird entweder durch die Gemeinde oder lokale religiöse Gemeinschaft selbst laufen , beide Institutionen einig in einigen Kulturen .	19	3, 1, 2, 2, 1, 2, 2, 2, 2, 1, 2, 3, 1, 1, 2	1.8
MOP4	es	Während der Beginn des Zweiten Weltkriegs vor allem versucht, die Lebensmittelsicherheit und präventive Maßnahmen Kolonien im Falle eines militärischen Angriffs .	20	2, 1, 1, 1, 1, 3, 2, 2, 1, 1, 2, 2, 1, 1, 2	1.53333333333
MOP4	es	Der Erfolg war aufgrund der 50 Jahre nach dem Französisch Revolution in der tiefen Umstrukturierung der Französisch Gesellschaft .	18	3, 1, 2, 2, 1, 3, 1, 3, 1, 3, 3, 4, 1, 1, 2	2.06666666667
MOP4	es	Ilkay Akkaya ( * 26. Mai 1964 in Istanbul) ist ein Sänger und Mitglied der türkischen Aleviten Musik Kızılırmak Grup .	18	2, 4, 3, 2, 4, 3, 3, 4, 4, 4, 4, 3, 4, 4	3.42857142857
MOP4	es	Anfang 1906 hatte Shackleton der ersten Planung seiner eigenen Expedition in die Antarktis begonnen .	14	4, 4, 3, 3, 3, 3, 4, 3, 3, 3, 2, 3, 2, 4, 2	3.06666666667
MOP4	es	Diese Kirche ist dem heiligen Germanus von Auxerre geweiht ( " Saint Germain l' Auxerrois " ) gewidmet .	14	2, 4, 2, 3, 2, 3, 3, 3, 3, 3, 3, 3, 2, 3	2.78571428571
MOP4	es	Im Juni 1983 gab drei Konzerte Belfegore Eröffnung für den Herbst .	11	3, 1, 2, 2, 2, 2, 2, 3, 3, 2, 1, 1, 2, 1, 1, 2	1.875
MOP4	es	In der mündlichen Verhandlung , auch Brady sprach auch von ihrer Situation .	11	3, 2, 1, 2, 2, 1, 2, 3, 1, 1, 3, 1, 2, 2, 1	1.8
MOP4	es	Alle Dämme sind in den Grenzen des ehemaligen Großherzogtums Baden gefunden .	11	3, 1, 3, 3, 2, 3, 4, 3, 3, 2, 2, 3, 2, 3, 4, 3	2.75
MOP4	es	Nach dem IDW bilden ein Element der Sammlung von kommerziellen Konten ist im Grunde nichts verhindert .	16	2, 1, 2, 1, 3, 2, 1, 1, 1, 3, 2, 1, 1, 2	1.64285714286
MOP4	es	Tatsächlich hatte qualifizierte Dachdecker in Februar 1981 , sagte , während er in seinem Auto von Demonstranten bedrängt : " " Heute habe ich für den Frieden zu kämpfen .	24	1, 1, 1, 3, 2, 1, 2, 2, 1, 1, 3, 1, 1, 2	1.57142857143
MOP4	es	Nach seinem ersten Finger, dann die Hand amputiert , er erklärt sich bereit, Terroristen den Zugang zu den Daten .	18	3, 1, 1, 1, 2, 2, 2, 2, 2, 1, 1, 2, 1, 1, 1	1.53333333333
MOP4	es	Die Wurst -und Rindfleisch CEE GmbH Eberswalde Eberswalde EFG GmbH sind Hersteller von Fleisch und Wurst in Britz ( Eberswalde ) .	18	2, 4, 4, 3, 1, 3, 4, 3, 4, 4, 3, 4, 4, 4, 4	3.4
MOP4	es	Darüber hinaus wurde er mit dem Lenin -Preis, den Humboldt-Forschungspreis und den Preis Markov INR ausgezeichnet .	15	2, 4, 3, 3, 3, 3, 4, 3, 4, 4, 3, 4, 3, 3, 4, 4	3.375
MOP4	es	Dieser Zyklus wurde zumindest teilweise und vorübergehend verboten noch aufgetreten .	10	3, 1, 2, 2, 3, 2, 1, 2, 2, 1, 3, 1, 2, 2	1.92857142857
MOP4	es	Zwischen 1382 und 1453 Laarne verändert aus diesem Grund häufig den Besitzer .	12	2, 1, 2, 3, 1, 2, 3, 2, 2, 3, 3, 2, 2, 2	2.14285714286
MOP4	es	Adjouffou ist ein Slum in der Stadt Port - Bouet in Abidjan Bezirk, im Süden der Elfenbeinküste in Westafrika .	18	2, 4, 4, 3, 3, 4, 4, 4, 4, 4, 4, 3, 4, 4	3.64285714286
MOP4	es	Grün begann seine Karriere 1983 an der RSC Anderlecht , mit dem er bis 1990 in der Jupiler League gespielt .	19	3, 4, 2, 3, 2, 3, 4, 3, 3, 2, 2, 2, 2, 2, 4	2.73333333333
MOP4	es	Er starb am 2. Oktober 1976 in Alexandria und wurde in Woodlawn Cemetery in der Bronx begraben .	17	3, 3, 3, 4, 4, 3, 4, 3, 4, 4, 4, 4, 3, 4, 4	3.6
MOP4	es	Die vorgeschriebenen Lesungen waren - " Rennen zu gewinnen ", und das Gleichnis von den Arbeitern im Weinberg .	15	3, 4, 3, 3, 2, 4, 4, 3, 3, 4, 4, 3, 1, 4	3.21428571429
MOP4	es	Diese Engagements wurden zunächst vor allem in den Markt der Altstadt und dem Kohlenstoffmarkt durchgeführt .	15	4, 3, 2, 3, 3, 4, 3, 3, 4, 3, 3, 3, 2, 2, 3, 4	3.0625
MOP4	es	Der 30. August 1398 und die Brüder Andre Rudprecht Leubenegg Gregory lobte der Erzbischof von Salzburg die folgenden .	18	2, 1, 2, 1, 1, 3, 2, 3, 1, 1, 3, 1, 2, 1	1.71428571429
MOP4	es	Nach einigem hin und her , die im Jahr 2013 mit Vince Köpke zusammen gekommen , kurz nach einer Beziehung mit Till Kuhn ( Bommel ) , aber immerhin .	24	3, 2, 1, 1, 1, 1, 2, 1, 2, 1, 1, 2, 1, 2, 1	1.46666666667
MOP4	es	Festival-Organisatoren Orchester Fusion oder spezielle Projekte , die ausschließlich zu erleben , regelmäßig Jazzopen entwickeln , sind:	14	1, 2, 1, 2, 2, 1, 3, 2, 1, 1, 3, 1, 2, 1	1.64285714286
MOP4	es	Matthijs war das zweite von drei Brüdern , die anderen Brüder Jacob und Willem Maris Maris .	15	3, 3, 2, 3, 3, 3, 2, 3, 1, 2, 2, 2, 3, 3, 2	2.46666666667
MOP4	es	Nach den Konventionen der Barock gilt streng symmetrisch mit vier Reihen von Fenstern auf jeder Seite der Mittelachse .	18	3, 2, 2, 2, 1, 3, 3, 2, 2, 2, 3, 2, 3, 1, 3	2.26666666667
MOP4	es	Das Hotel liegt an der A11 , der Hauptstraße zwischen Norwich und London , südlich von Thetford Waldfläche Wald .	17	2, 3, 3, 3, 2, 3, 3, 3, 3, 3, 3, 3, 3, 3, 3	2.86666666667
MOP4	no	Nach dem Vertrag Begleitstaatenfür von ihnen verursachten Schäden in den Raum gestellt Objekte .	13	2, 1, 1, 3, 1, 2, 1, 2, 2, 1, 1, 1, 1, 1, 1	1.4
MOP4	no	Diese Nähte entstehen hier mit Bad im Norden Tageslicht gerichtet , sie sind dort von glaukonitischen Sandstein der Oberkreide ( " Essen grünen Sandstein " ) abdeckt .	22	2, 1, 2, 2, 1, 3, 2, 3, 3, 2, 1, 1, 1, 4, 1	1.93333333333
MOP4	no	1971 und 1994 wurde die Zugabe von kleinen Verbesserungen .	9	3, 1, 2, 3, 1, 3, 2, 2, 2, 2, 2, 3, 1, 1, 2	2.0
MOP4	no	Sie wurden von seinem Sohn Wolfgang Freundsberg gelungen ; diese kinderlos starb 1449 .	12	3, 1, 2, 1, 2, 2, 1, 1, 1, 3, 1, 1, 1, 2	1.57142857143
MOP4	no	Am Südhang Wein wurden in der Vergangenheit produziert .	8	3, 1, 2, 3, 2, 3, 2, 2, 3, 3, 1, 2, 1, 2, 2	2.13333333333
MOP4	no	Die Dreharbeiten gingen, aber so schlecht, dass Meister wandte sich schließlich einen großen Teil der Bilder ohne Ton .	18	3, 2, 2, 2, 1, 2, 3, 2, 2, 2, 1, 1, 1, 2, 1	1.8
MOP4	no	Die Kollision brach DC 9 noch in der Luft und stürzte ab .	12	3, 1, 2, 2, 3, 3, 3, 2, 3, 2, 3, 1, 2, 3	2.35714285714
MOP4	no	Jimmy Dixon ( in Bomi geboren 10. Oktober 1981 ) ist ein Fußballspieler aus Liberia .	13	2, 4, 4, 2, 4, 4, 4, 4, 4, 4, 4, 4, 4, 4	3.71428571429
MOP4	no	Von 1884 bis 1888 war er Präsident der " Partidul National Roman din Transilvania Si Banat " (PNR , Rumänische Nationalpartei ) .	17	3, 4, 4, 4, 4, 4, 4, 4, 4, 4, 4, 4, 4	3.92307692308
MOP4	no	Einzelne Lehrer oder Lehrerinnen lehnen jegliche Pflege oder Erziehung von einer Gruppe oder Klasse , statt selbst Fan - egal , aber schon ein Fan - orientiert .	23	2, 1, 1, 1, 2, 1, 2, 1, 1, 2, 3, 1, 2, 2	1.57142857143
MOP4	no	Heute ist die ehemalige Klosterkirche der katholischen Gemeinde Sainte - Colette -des - Trois - Vallées verwendet .	13	2, 1, 2, 3, 2, 3, 2, 2, 1, 2, 1, 2, 3, 3	2.07142857143
MOP4	no	Nester werden in dichter Vegetation gebaut und bei den meisten Arten in der Nähe von Wasser an Strohhalme verwurzelt .	19	3, 4, 3, 3, 4, 4, 4, 3, 4, 3, 4, 4, 4, 4	3.64285714286
MOP4	no	Melchiors Mutter beantwortet einen Brief von Moritz, um Geld zu bitten , nach Amerika zu fliehen .	15	2, 1, 2, 3, 1, 3, 1, 2, 2, 2, 2, 3, 3, 3	2.14285714286
MOP4	no	Er hat ein enormes Springvermögen und Agilität , spielt gut mit und erkennen, Situationen in der Knospe .	16	3, 1, 1, 3, 1, 3, 2, 2, 2, 1, 2, 2, 1, 2, 2	1.86666666667
MOP4	no	Laut der offiziellen Facebook-Präsenz des Musikarchiv Spirit of Metal ist der weltweit größte Online-Enzyklopädie für Metal und Rock .	18	4, 2, 4, 4, 2, 3, 3, 4, 2, 3, 3, 2, 3, 3, 3	3.0
MOP4	no	Während dieser Zeit veröffentlichte sie auch Nachdrucke des Schweizerischen Nationalfonds und der Schweizerischen Hilfe für Kriegsnotleidende Studenten .	17	4, 3, 4, 4, 4, 4, 4, 4, 3, 4, 4, 4, 4, 4, 4, 4, 4	3.88235294118
MOP4	no	20. Dezember 1994 Cl Maschinenbau GmbH wurde gegründet .	8	3, 1, 4, 1, 3, 3, 2, 3, 1, 3, 2, 3, 3, 2	2.42857142857
MOP4	no	Der letzte " Lector secundarius " war Johann Heinrich Daniel Moldenhawer .	9	2, 4, 4, 4, 4, 4, 4, 4, 4, 4, 4, 4, 4, 4, 4	3.86666666667
MOP4	no	Während der Kämpfe immer noch 27 polnische Maschinen dieses Typs 54141-167 kam zu Dr .	14	3, 1, 2, 1, 2, 1, 1, 2, 2, 1, 2, 2, 1, 1, 1	1.53333333333
MOP4	no	Die Anfang 1980 ergänzt ein 2000 GLX Kombi im Angebot .	10	3, 2, 1, 3, 1, 3, 2, 2, 3, 1, 1, 1, 1, 2, 2	1.86666666667
MOP4	no	Das brennende Bett ist eine amerikanische TV-Drama in 1984. Gemacht	10	3, 2, 2, 3, 2, 1, 2, 3, 2, 1, 3, 1, 2, 2	2.07142857143
MOP4	no	Während des 80. Jahrhunderts , seine Alkohol -und Drogenkonsum weit verbreitet und hielt ihn für die meisten der kreativen Arbeit .	18	2, 1, 2, 1, 1, 1, 1, 1, 1, 1, 3, 2, 1, 1, 2	1.4
MOP4	no	Banknotenpapier ist , mit wenigen Ausnahmen , die so genannte DC - Rundsiebpapiermaschine .	10	3, 3, 2, 2, 3, 3, 2, 2, 1, 4, 2, 3, 2, 2	2.42857142857
MOP4	no	Nachdem in Yunnan gebaut worden, wird von einigen Autoren als erste Kettenbrücke betrachtet .	13	3, 1, 3, 3, 1, 3, 1, 2, 2, 1, 1, 1, 1, 2, 2	1.8
MOP4	no	Bis zur ersten industriellen Herstellung von Hartfett in Warrington es dauerte nur zwei Jahre .	14	2, 2, 3, 3, 3, 3, 1, 4, 3, 3, 3, 3, 1, 2, 3, 3	2.625
MOP4	no	Ihre Zeichnungen und Radierungen tragen ihre individuelle , unverwechselbare künstlerische Handschrift .	10	3, 4, 4, 3, 4, 4, 4, 4, 4, 4, 4, 4, 4, 4, 4	3.86666666667
MOP4	no	Interactive Data Corporation ( NASDAQ: IDC) ist ein US-amerikanischer Wirtschaftsinformationsdienst .	9	4, 4, 4, 3, 4, 4, 4, 3, 4, 4, 4, 4, 4, 4, 4, 4	3.875
MOP4	no	Senkungen Service-Level in Ernst überschritten ist nur durch die " Entfernung aus dem Dienst " .	12	3, 1, 1, 2, 1, 2, 2, 2, 2, 1, 1, 1, 1, 1, 1	1.46666666667
MOP4	no	Sicher ist, dass das Dorf in einem Kappel Altstrasse .	9	2, 1, 2, 2, 1, 3, 2, 3, 1, 2, 2, 1, 2, 2	1.85714285714
MOP4	no	Seine Leistungen in der Gemeindeversammlung soll durch hohe Rhetorik und Geist voller Humor und den Gegner , dh charakterisiert werden	19	2, 1, 2, 3, 1, 3, 2, 3, 3, 2, 1, 3, 1, 3, 2	2.13333333333
MOP4	no	In Torgleichheit nach 90 Minuten Spielzeit mit einer Verlängerung und einer möglichen späteren Elfmeterschießen sofortige Entscheidung erstellt .	17	3, 1, 2, 1, 1, 2, 3, 2, 2, 1, 2, 2, 1, 2, 2	1.8
MOP4	no	Der Rat wird in Workum basiert , die anderen Orte in der Gemeinde sind : Hemelum , Hindeloopen , die Heide Schiffe , Koudum , Molkwerum , Scharl , Stavoren und warnen .	24	3, 1, 1, 2, 1, 3, 2, 2, 3, 4, 2, 2, 1, 1, 2	2.0
MOP4	no	Seine wissenschaftlichen Interessen seit 1795 zunächst vor allem in der Zoologie .	11	3, 1, 2, 2, 3, 3, 3, 3, 2, 3, 4, 2, 3, 2, 3, 3	2.625
MOP4	no	NGC 1748 wurde 1836 von John Herschel entdeckt und wird in das neue Verzeichnis aufgeführt .	15	3, 2, 3, 4, 2, 4, 3, 3, 4, 4, 2, 3, 3, 3, 4	3.13333333333
MOP4	no	Der österreichischen Geheimdienst, er als Diplomat in Stockholm und Bern tätig .	10	3, 1, 2, 1, 3, 1, 3, 3, 2, 2, 3, 1, 1, 1, 1	1.86666666667
MOP4	no	Beide koexistieren mit ihrem Puppentheater und etwas Landwirtschaft .	8	3, 3, 2, 3, 4, 4, 3, 4, 4, 3, 3, 4, 3, 3, 4	3.33333333333
MOP4	no	Dort war er für die Bindung Land , städtische Masterpläne , die Erhaltung und Bauvorschriften , Stadtplanung Wettbewerbe und Gestaltung des öffentlichen Raumes verantwortlich .	20	3, 2, 3, 2, 2, 3, 4, 3, 2, 3, 4, 3, 3, 4	2.92857142857
MOP4	no	Die Serie wurde am 14. Juni 2007 bis 6. September 2007 von dem Sender WOWOW in Japan ausgestrahlt wurde .	19	3, 2, 3, 3, 2, 3, 3, 2, 3, 2, 3, 2, 3, 3	2.64285714286
MOP4	no	Der weltweite Bestseller " 1000 Places zu sehen, bevor Sie sterben" von Patricia Schultz erschien im April 2006 in der deutschen Übersetzung für " Ullmann " .	22	3, 2, 3, 2, 2, 3, 3, 3, 4, 2, 3, 4, 3, 3, 3	2.86666666667
MOP4	no	Einer der anderen Kessel in der Siedlung Lindenhof aufgeführt denen verbindet den Westen zum Friedhof und Crooked Feuersee entfernt .	19	2, 1, 2, 1, 2, 1, 2, 2, 1, 1, 2, 2, 1, 1, 2	1.53333333333
MOP4	no	In der dritten Ausgabe des Nations Cup , er war in der Siegermannschaft und kam drei Mal zum Einsatz .	18	3, 2, 2, 2, 3, 2, 4, 3, 3, 3, 3, 3, 3, 2	2.71428571429
MOP4	no	Dann legte er die Befreiungskriege im Zusammenhang mit der Assimilation und der Befreiung der jüdischen Bevölkerung .	16	3, 2, 2, 2, 3, 3, 3, 2, 3, 3, 3, 4, 3, 3, 3	2.8
MOP4	no	Nach den Wirren des Dreißigjährigen Krieges wurde die Kirche im Jahre 1666 wieder aufgebaut .	14	2, 4, 4, 4, 4, 4, 4, 4, 4, 4, 4, 4, 4, 4, 4	3.86666666667
MOP4	no	Schimmelpfennig war der jüngste von drei Brüdern in einer Familie von Musikern .	12	2, 4, 4, 3, 4, 4, 4, 4, 4, 4, 4, 4, 4, 4	3.78571428571
MOP4	no	In Lahti, der Finne beendete am 6. März 2004 werden seine erfolgreiche Karriere mit einem dritten .	16	3, 1, 2, 1, 1, 1, 2, 1, 2, 1, 2, 1, 2, 2	1.57142857143
MOP4	no	In DFB - Pokal erzielte er fünf Tore für sein Team in acht Spielen .	13	2, 2, 4, 3, 4, 3, 4, 4, 4, 3, 4, 4, 3, 3, 2	3.26666666667
MOP4	no	Die beiden Teile der Serie in der besten - von -Zwei Modus fand am 24. und 30. August 2008 .	17	3, 1, 2, 1, 3, 2, 2, 1, 2, 2, 2, 1, 2, 1	1.78571428571
MOP4	no	Die Zeitschrift " TV Direkt" 10/2007 , schrieb Film -Spiele " " Kugel " " mit " " Primal Fear "," die Menschen .	13	3, 1, 1, 1, 1, 2, 1, 1, 1, 1, 3, 1, 1, 1	1.35714285714
MOP4	no	Bisher sind Meerwasser und Schneeschmelze als Referenzpunkte verwendet .	8	3, 2, 4, 2, 4, 3, 2, 3, 3, 3, 3, 3, 2, 3, 3	2.86666666667
MOP4	no	Sowohl Kinder als auch Erwachsene können Probleme auf ihrem lösen .	10	3, 3, 2, 3, 1, 3, 3, 2, 1, 3, 3, 2, 2, 2	2.35714285714
MOP4	no	Auch aus den umliegenden Dörfern ist die Mitglieder selbst aus ganz Deutschland .	12	2, 1, 2, 1, 3, 2, 2, 2, 1, 1, 3, 1, 1, 2	1.71428571429
MOP4	no	Die Alumni sind Nobelpreisträger , Verwaltung , Politiker, hochrangige Geistliche , führende Mitglieder der schwedischen Akademien und Senior Künstler .	16	4, 4, 3, 2, 3, 3, 4, 4, 4, 4, 4, 3, 3, 3	3.42857142857
MOP4	no	Die "primäre" Tuffit bei einem Vulkanausbruch entstanden , und ist besonders häufig in plinianische Eruptionen in Erscheinung .	15	3, 1, 2, 2, 1, 3, 2, 3, 3, 2, 2, 1, 2, 1	2.0
MOP4	no	Von 1909 bis 1918 war sie Direktorin der Liberalen Linkspartei .	10	3, 4, 4, 3, 4, 4, 4, 4, 4, 4, 4, 4, 4, 4	3.85714285714
MOP4	no	2012 Visser zog in den Formelsport und bekam ein Cockpit bei Moto Park Akademie betreut Schicht "Lotus" in der ADAC Formel Masters .	21	4, 1, 1, 1, 3, 2, 2, 3, 2, 2, 2, 1, 1, 2	1.92857142857
MOP4	no	1955 ein einheitlicher Standard mit einem einheitlichen Name wurde von der Empfehlung des Australian Kennel Control Council ( AKCC ) konzipiert .	19	3, 1, 2, 3, 2, 3, 1, 3, 3, 3, 3, 1, 2, 2, 3	2.33333333333
MOP4	no	Bereits in der Mitte des 19. Jahrhunderts entstand der Plan in das Feld, um einen Handelshafen zu bauen .	18	1, 2, 3, 2, 3, 3, 3, 3, 1, 2, 3, 2, 3, 3	2.42857142857
MOP4	no	Die Mission der vierzehn Jahre alten Kinder des Ortes ist es, die heilige Woche nach Ratschen die Kirchenglocken ersetzen .	19	3, 1, 2, 2, 1, 3, 2, 3, 3, 2, 2, 2, 2, 3	2.21428571429
MOP4	no	10,5 cm Geschützturm 1939 L52 hatte eine Anfangsgeschwindigkeit von 830 m / s und eine Feuerbereich von bis zu 22 km ( mit spitzen Schale 24 km) .	25	3, 4, 2, 4, 2, 3, 3, 3, 3, 1, 4, 2, 3, 2, 2	2.73333333333
MOP4	no	Benachbarte Städte sind Badolato , San Sostene Sant'Andrea Apostolo dello Ionio und .	11	3, 2, 3, 2, 2, 3, 3, 3, 3, 4, 2, 2, 3, 3, 3	2.73333333333
MOP4	no	Er war Beamter und bis zu seinem Tod " großen Redner " The Great Lodge von Deutschland in Berlin ( " Zinnendorfisches System ") .	19	3, 2, 1, 2, 1, 3, 1, 2, 1, 2, 1, 2, 3, 3	1.92857142857
MOP4	no	Es sagte Margaret ist wahrscheinlich der Prototyp des legendären Margaret von Litermont von lokalen Regierungs Maldix Saga .	17	3, 1, 2, 1, 1, 3, 2, 2, 3, 1, 3, 3, 1, 1, 2	1.93333333333
MOP4	no	Von 1951 war er wissenschaftlicher Mitarbeiter , zuletzt Ober Dozent an der Deutschen ZentralbildungsinstitutBerlin .	13	3, 2, 3, 3, 3, 2, 3, 3, 3, 3, 4, 3, 3, 3	2.92857142857
MOP4	no	Helen Frankenthaler gestorben 27. Dezember 2011 im Alter von 83 Jahren .	11	2, 3, 4, 3, 3, 3, 4, 2, 4, 4, 3, 3, 3, 1	3.0
MOP4	no	Von 1965 praktizierte er als Anwalt in Portland .	8	3, 4, 4, 4, 3, 3, 4, 4, 4, 4, 4, 3, 3, 4, 3	3.6
MOP4	no	Schon als Gymnasiast hatte sich Meinecke Pop-Kultur inspiriert .	8	3, 2, 2, 3, 2, 3, 3, 2, 3, 3, 3, 2, 2, 3, 2	2.53333333333
MOP4	no	Cobham ist eine Stadt im Landkreis Elmbridge in Surrey .	9	3, 4, 4, 4, 4, 4, 4, 4, 4, 4, 4, 4, 4, 4, 4	3.93333333333
MOP4	no	Er war ein Mitglied der St. Alexander- katholischen Kirche .	9	3, 4, 3, 2, 3, 3, 4, 4, 4, 4, 3, 4, 4	3.46153846154
MOP4	no	Auch der Sohn des Sängers , hält sie von der Außenwelt versteckt und hat keine Augen , dominiert die Rede .	18	3, 1, 2, 1, 2, 1, 1, 2, 1, 1, 2, 2, 1, 2, 2	1.6
MOP4	no	Kurz vor hat Angelica , Tochter des Hauptmanns von der Saale , von der Vorderseite angenommen und begann nach Hause .	18	2, 1, 3, 1, 1, 1, 1, 2, 2, 1, 1, 2, 2, 1, 2, 2	1.5625
MOP4	no	der bärtige wurde im Jahr 1045 durch einen kaiserlichen Armee zerstört .	11	3, 2, 1, 3, 2, 2, 2, 2, 3, 2, 3, 2, 3, 3	2.35714285714
MOP4	no	Insbesondere die von den oben genannten Titel der Abstieg Phase des Lande ein wichtiges neues Element mit Telemetrie sein .	19	3, 1, 2, 1, 1, 2, 1, 2, 2, 1, 1, 3, 1, 2, 2	1.66666666667
MOP4	no	Pierre - Henri de Valenciennes war einer der bedeutendsten Landschaftsmaler seiner Zeit .	11	2, 4, 4, 4, 4, 4, 4, 4, 4, 4, 4, 4, 4, 4, 4	3.86666666667
MOP4	no	Viele haben andere Onsen Spa-Einrichtungen, künstlichen Wasserfällen , Massagen und Saunen .	10	3, 1, 2, 1, 2, 2, 3, 2, 3, 3, 1, 3, 3, 2, 1	2.13333333333
MOP4	no	Am 25. Mai 2005 wurde das Terminal eingeweiht und wurde von Terminal 1 genannt .	14	2, 2, 2, 3, 3, 2, 1, 3, 2, 3, 3, 3, 3, 1, 2, 3	2.375
MOP4	no	Zu Beginn des Zweiten Weltkriegs versuchte er, vor allem die Nahrungsmittelsicherheit in der Kolonie und präventive Maßnahmen im Falle eines militärischen Angriffs .	22	3, 2, 2, 2, 2, 3, 2, 2, 2, 3, 3, 2, 2, 3, 3	2.4
MOP4	no	Der Erfolg war auf den 50 Jahren , die die Französisch Revolution in der tiefen Umstrukturierung der Französisch Gesellschaft gefolgt .	19	3, 1, 2, 3, 1, 3, 3, 2, 2, 2, 1, 1, 1, 2, 2	1.93333333333
MOP4	no	Die Weber wurden in den folgenden Jahrzehnten der Konkurrenz von maschinell hergestellten Stoffe ersetzt .	14	4, 1, 2, 3, 1, 2, 3, 3, 3, 3, 3, 1, 4, 3	2.57142857143
MOP4	no	Anfang 1906 hatte Shackleton Anfangs begonnen Planung seiner eigenen Antarktis-Expedition .	10	3, 1, 2, 3, 1, 2, 1, 1, 2, 3, 2, 2, 2	1.92307692308
MOP4	no	Seine Artikel demonstriert den Unterschied zwischen sozialdemokratischer Politik und der bürgerlichen Parteien .	12	2, 1, 3, 3, 2, 3, 2, 3, 3, 3, 2, 3, 2, 1, 3, 3	2.4375
MOP4	no	Diese Kirche ist dem heiligen Germanus von Auxerre geweiht ( " Saint Germain l' Auxerrois " ) gewidmet .	14	3, 4, 3, 3, 3, 2, 4, 4, 2, 3, 3, 3, 4, 2, 3, 3	3.0625
MOP4	no	In der mündlichen Verhandlung Brady sprach auch noch auf seine Situation .	11	3, 1, 2, 3, 1, 3, 2, 3, 2, 1, 1, 1, 2, 1, 3	1.93333333333
MOP4	no	Adolf Dyroff ( * 2. Februar 1866 in Damm, † 3. Juli 1943 in München ) war ein deutscher Philosoph .	16	4, 4, 4, 4, 4, 4, 4, 4, 4, 4, 4, 4, 4, 4	4.0
MOP4	no	In der Stellungnahme des IDW Bildung eines Sammelelement für kommerzielle Konten ist im Grunde nichts zu verhindern .	17	3, 1, 2, 3, 1, 3, 3, 3, 2, 3, 3, 1, 1, 1, 1	2.06666666667
MOP4	no	Nach seinem ersten Finger und späterer Hand amputiert , stimmt er zu geben Terroristen den Zugang zu den Daten .	18	3, 1, 2, 2, 2, 2, 2, 1, 1, 2, 2, 1, 1, 2	1.71428571429
MOP4	no	In der Saison 2009-10 konnte der Dede er -Zurück Position verdrängen links und wurde Stammspieler .	14	3, 1, 2, 3, 1, 1, 2, 2, 2, 1, 1, 1, 1, 1, 1	1.53333333333
MOP4	no	Felix von Harburg an das Kloster in Heidenheim recycelt Kanon .	10	2, 1, 1, 1, 1, 3, 2, 2, 1, 1, 2, 1, 1, 1, 2	1.46666666667
MOP4	no	EWG Eberswalder Wurst und Fleisch GmbH EFG Eberswalde GmbH sind Hersteller von Fleisch -und Wurstwaren in Britz ( Eberswalde ) .	17	4, 4, 4, 3, 3, 3, 4, 4, 4, 4, 4, 4, 4, 4, 3	3.73333333333
MOP4	no	Der Weihbischof Wolfgang von Seelsorgsregion Süd der Erzdiözese München und Freising kommt auch aus Freising .	15	3, 1, 2, 3, 3, 4, 4, 4, 4, 4, 4, 4, 3, 4	3.35714285714
MOP4	no	Grün begann seine berufliche Laufbahn 1983 bei RSC Anderlecht , für den er bis 1990 in der Jupiler League gespielt .	19	3, 2, 3, 4, 3, 3, 3, 3, 3, 3, 3, 4, 4, 4, 4	3.26666666667
MOP4	no	Er starb am 2. Oktober 1976 in Alexandria und wurde in Woodlawn Cemetery in der Bronx begraben .	17	4, 3, 4, 3, 4, 4, 3, 3, 4, 4, 4, 3, 4, 3, 4, 4	3.625
MOP4	no	Die vorgeschriebenen Lesungen waren - " Rennen zu gewinnen ", und das Gleichnis von den Arbeitern im Weinberg .	15	3, 4, 4, 4, 2, 3, 2, 4, 3, 4, 4, 1, 3, 4, 4	3.26666666667
MOP4	no	Danach war er Assistent Jahn und habilitierte im Jahre 1903 ( Präzisionskryoskopie von Nicht- Elektrolyte) .	14	2, 1, 2, 2, 3, 3, 2, 2, 3, 3, 1, 2, 3, 3	2.28571428571
MOP4	no	Darüber hinaus brachte Anna Fänger, Tochter des verstorbenen Autors Rolf Fänger , Mondbären im Jahr 2012 als Puppenspiel auf die Bühne .	20	3, 4, 4, 4, 4, 4, 4, 4, 4, 4, 4, 4, 4, 4, 4	3.93333333333
MOP4	no	Nach einigem hin und her kam sie im Jahr 2013 , kurz nach einer Beziehung mit Till Kuhn ( Bommel ) , aber immer noch mit Vince Köpke zusammen .	25	2, 1, 2, 3, 3, 4, 1, 3, 2, 4, 3, 4, 3, 3, 2	2.66666666667
MOP4	no	Festival-Organisatoren entwickeln regelmäßig Sonder Fusion oder Orchesterprojekte , die sich ausschließlich an der Jazz Open erleben sind :	16	3, 1, 2, 1, 1, 3, 2, 1, 2, 2, 3, 3, 1, 2, 3	2.0
MOP4	no	Als sie zurückkehrten , sie durch Assoziation mit mehreren Monaten der Kampf Suspensionen bestraft .	13	1, 1, 3, 1, 2, 2, 1, 1, 2, 1, 1, 1, 2, 2, 3	1.6
MOP4	no	Matthijs war der mittlere von drei Brüdern , die anderen Geschwister Jacob und Willem Maris Maris .	15	3, 3, 3, 2, 3, 3, 3, 3, 3, 3, 4, 3, 4, 2	3.0
MOP4	no	Nach den Barockstil Konventionen sind streng symmetrisch mit vier Reihen von Fenstern auf jeder Seite der zentralen Achse angelegt .	19	2, 3, 3, 2, 2, 3, 2, 2, 3, 2, 3, 3, 2, 2, 3	2.46666666667
MOP4	no	Es basiert auf der A11 , der Hauptstraße zwischen Norwich und London , südlich von Thetford Waldfläche Wald .	16	3, 2, 3, 2, 3, 2, 3, 3, 3, 2, 4, 2, 2, 3	2.64285714286
